0 verbose cli C:\Program Files\nodejs\node.exe C:\Program Files\nodejs\node_modules\npm\bin\npm-cli.js
1 info using npm@11.8.0
2 info using node@v24.13.1
3 silly config load:file:C:\Program Files\nodejs\node_modules\npm\npmrc
4 silly config load:file:C:\Users\Alexs\Desktop\Comercio360\.npmrc
5 silly config load:file:C:\Users\Alexs\.npmrc
6 silly config load:file:C:\Users\Alexs\AppData\Roaming\npm\etc\npmrc
7 verbose title npm exec vinext@latest check
8 verbose argv "exec" "--yes" "--cache" ".npm-cache" "--" "vinext@latest" "check"
9 verbose logfile logs-max:10 dir:C:\Users\Alexs\Desktop\Comercio360\.npm-cache\_logs\2026-10-03T23_33_12_407Z-
10 verbose logfile C:\Users\Alexs\Desktop\Comercio360\.npm-cache\_logs\2026-10-03T23_33_12_407Z-debug-0.log
11 silly logfile done cleaning log files
12 silly packumentCache heap:4496293888 maxSize:1124073472 maxEntrySize:562036736
13 verbose shrinkwrap failed to load node_modules/.package-lock.json out of date, updated: node_modules
14 http fetch GET 200 https://registry.npmjs.org/npm 139ms
15 http fetch GET 200 https://registry.npmjs.org/vinext 37ms (cache miss)
16 silly packumentCache heap:4496293888 maxSize:1124073472 maxEntrySize:562036736
17 silly packumentCache heap:4496293888 maxSize:1124073472 maxEntrySize:562036736
18 silly idealTree buildDeps
19 silly fetch manifest vinext@1.0.1
20 silly packumentCache full:https://registry.npmjs.org/vinext cache-miss
21 http fetch GET 200 https://registry.npmjs.org/vinext 36ms (cache miss)
22 silly packumentCache full:https://registry.npmjs.org/vinext set size:undefined disposed:false
23 silly fetch manifest @mdx-js/rollup@^3.0.0
24 silly packumentCache full:https://registry.npmjs.org/@mdx-js%2frollup cache-miss
25 http fetch GET 200 https://registry.npmjs.org/@mdx-js%2frollup 606ms (cache miss)
26 silly packumentCache full:https://registry.npmjs.org/@mdx-js%2frollup set size:undefined disposed:false
27 silly fetch manifest rollup@>=2
28 silly packumentCache full:https://registry.npmjs.org/rollup cache-miss
29 http fetch GET 200 https://registry.npmjs.org/rollup 159ms (cache miss)
30 silly packumentCache full:https://registry.npmjs.org/rollup set size:undefined disposed:false
31 silly fetch manifest @vitejs/plugin-react@^5.1.4 || ^6.0.0
32 silly packumentCache full:https://registry.npmjs.org/@vitejs%2fplugin-react cache-miss
33 http fetch GET 200 https://registry.npmjs.org/@vitejs%2fplugin-react 39ms (cache miss)
34 silly packumentCache full:https://registry.npmjs.org/@vitejs%2fplugin-react set size:undefined disposed:false
35 silly fetch manifest @rolldown/plugin-babel@^0.1.7 || ^0.2.0
36 silly packumentCache full:https://registry.npmjs.org/@rolldown%2fplugin-babel cache-miss
37 http fetch GET 200 https://registry.npmjs.org/@rolldown%2fplugin-babel 31ms (cache miss)
38 silly packumentCache full:https://registry.npmjs.org/@rolldown%2fplugin-babel set size:undefined disposed:false
39 silly fetch manifest @babel/core@^7.29.0 || ^8.0.0-rc.1
40 silly packumentCache full:https://registry.npmjs.org/@babel%2fcore cache-miss
41 http fetch GET 200 https://registry.npmjs.org/@babel%2fcore 66ms (cache miss)
42 silly packumentCache full:https://registry.npmjs.org/@babel%2fcore set size:undefined disposed:false
43 silly fetch manifest @babel/plugin-transform-runtime@^7.29.0 || ^8.0.0-rc.1
44 silly packumentCache full:https://registry.npmjs.org/@babel%2fplugin-transform-runtime cache-miss
45 http fetch GET 200 https://registry.npmjs.org/@babel%2fplugin-transform-runtime 45ms (cache miss)
46 silly packumentCache full:https://registry.npmjs.org/@babel%2fplugin-transform-runtime set size:undefined disposed:false
47 silly fetch manifest @babel/runtime@^7.27.0 || ^8.0.0-rc.1
48 silly packumentCache full:https://registry.npmjs.org/@babel%2fruntime cache-miss
49 http fetch GET 200 https://registry.npmjs.org/@babel%2fruntime 123ms (cache miss)
50 silly packumentCache full:https://registry.npmjs.org/@babel%2fruntime set size:undefined disposed:false
51 silly fetch manifest rolldown@^1.0.0-rc.5
52 silly packumentCache full:https://registry.npmjs.org/rolldown cache-miss
53 http fetch GET 200 https://registry.npmjs.org/rolldown 86ms (cache miss)
54 silly packumentCache full:https://registry.npmjs.org/rolldown set size:undefined disposed:false
55 silly fetch manifest vite@^8.0.0
56 silly packumentCache full:https://registry.npmjs.org/vite cache-miss
57 http fetch GET 200 https://registry.npmjs.org/vite 1305ms (cache miss)
58 silly packumentCache full:https://registry.npmjs.org/vite set size:undefined disposed:false
59 silly fetch manifest @types/node@^20.19.0 || >=22.12.0
60 silly packumentCache full:https://registry.npmjs.org/@types%2fnode cache-miss
61 http fetch GET 200 https://registry.npmjs.org/@types%2fnode 237ms (cache miss)
62 silly packumentCache full:https://registry.npmjs.org/@types%2fnode set size:undefined disposed:false
63 silly fetch manifest @vitejs/devtools@^0.7.1
64 silly packumentCache full:https://registry.npmjs.org/@vitejs%2fdevtools cache-miss
65 http fetch GET 200 https://registry.npmjs.org/@vitejs%2fdevtools 41ms (cache miss)
66 silly packumentCache full:https://registry.npmjs.org/@vitejs%2fdevtools set size:undefined disposed:false
67 silly fetch manifest @vitejs/devtools-oxc@^0.7.6
68 silly packumentCache full:https://registry.npmjs.org/@vitejs%2fdevtools-oxc cache-miss
69 http fetch GET 200 https://registry.npmjs.org/@vitejs%2fdevtools-oxc 35ms (cache miss)
70 silly packumentCache full:https://registry.npmjs.org/@vitejs%2fdevtools-oxc set size:undefined disposed:false
71 silly fetch manifest @vitejs/devtools-rolldown@^0.7.6
72 silly packumentCache full:https://registry.npmjs.org/@vitejs%2fdevtools-rolldown cache-miss
73 http fetch GET 200 https://registry.npmjs.org/@vitejs%2fdevtools-rolldown 37ms (cache miss)
74 silly packumentCache full:https://registry.npmjs.org/@vitejs%2fdevtools-rolldown set size:undefined disposed:false
75 silly fetch manifest @vitejs/devtools-vite@^0.7.6
76 silly packumentCache full:https://registry.npmjs.org/@vitejs%2fdevtools-vite cache-miss
77 http fetch GET 200 https://registry.npmjs.org/@vitejs%2fdevtools-vite 43ms (cache miss)
78 silly packumentCache full:https://registry.npmjs.org/@vitejs%2fdevtools-vite set size:undefined disposed:false
79 silly fetch manifest @vitejs/devtools-vitest@^0.7.6
80 silly packumentCache full:https://registry.npmjs.org/@vitejs%2fdevtools-vitest cache-miss
81 http fetch GET 200 https://registry.npmjs.org/@vitejs%2fdevtools-vitest 37ms (cache miss)
82 silly packumentCache full:https://registry.npmjs.org/@vitejs%2fdevtools-vitest set size:undefined disposed:false
83 silly fetch manifest vitest@*
84 silly packumentCache full:https://registry.npmjs.org/vitest cache-miss
85 http fetch GET 200 https://registry.npmjs.org/vitest 86ms (cache miss)
86 silly packumentCache full:https://registry.npmjs.org/vitest set size:undefined disposed:false
87 silly fetch manifest @edge-runtime/vm@*
88 silly packumentCache full:https://registry.npmjs.org/@edge-runtime%2fvm cache-miss
89 http fetch GET 200 https://registry.npmjs.org/@edge-runtime%2fvm 42ms (cache miss)
90 silly packumentCache full:https://registry.npmjs.org/@edge-runtime%2fvm set size:undefined disposed:false
91 silly fetch manifest @opentelemetry/api@^1.9.0
92 silly packumentCache full:https://registry.npmjs.org/@opentelemetry%2fapi cache-miss
93 http fetch GET 200 https://registry.npmjs.org/@opentelemetry%2fapi 38ms (cache miss)
94 silly packumentCache full:https://registry.npmjs.org/@opentelemetry%2fapi set size:undefined disposed:false
95 silly fetch manifest @vitest/browser-playwright@5.0.3
96 silly packumentCache full:https://registry.npmjs.org/@vitest%2fbrowser-playwright cache-miss
97 http fetch GET 200 https://registry.npmjs.org/@vitest%2fbrowser-playwright 34ms (cache miss)
98 silly packumentCache full:https://registry.npmjs.org/@vitest%2fbrowser-playwright set size:undefined disposed:false
99 silly fetch manifest playwright@*
100 silly packumentCache full:https://registry.npmjs.org/playwright cache-miss
101 http fetch GET 200 https://registry.npmjs.org/playwright 452ms (cache miss)
102 silly packumentCache full:https://registry.npmjs.org/playwright set size:undefined disposed:false
103 silly fetch manifest @vitest/browser-preview@5.0.3
104 silly packumentCache full:https://registry.npmjs.org/@vitest%2fbrowser-preview cache-miss
105 http fetch GET 200 https://registry.npmjs.org/@vitest%2fbrowser-preview 44ms (cache miss)
106 silly packumentCache full:https://registry.npmjs.org/@vitest%2fbrowser-preview set size:undefined disposed:false
107 silly fetch manifest @vitest/browser-webdriverio@^5.0.0-beta.5 || >=5.0.0
108 silly packumentCache full:https://registry.npmjs.org/@vitest%2fbrowser-webdriverio cache-miss
109 http fetch GET 200 https://registry.npmjs.org/@vitest%2fbrowser-webdriverio 39ms (cache miss)
110 silly packumentCache full:https://registry.npmjs.org/@vitest%2fbrowser-webdriverio set size:undefined disposed:false
111 silly fetch manifest webdriverio@*
112 silly packumentCache full:https://registry.npmjs.org/webdriverio cache-miss
113 http fetch GET 200 https://registry.npmjs.org/webdriverio 100ms (cache miss)
114 silly packumentCache full:https://registry.npmjs.org/webdriverio set size:undefined disposed:false
115 silly fetch manifest puppeteer-core@>=22.x <=24.x
116 silly packumentCache full:https://registry.npmjs.org/puppeteer-core cache-miss
117 http fetch GET 200 https://registry.npmjs.org/puppeteer-core 60ms (cache miss)
118 silly packumentCache full:https://registry.npmjs.org/puppeteer-core set size:undefined disposed:false
119 silly fetch manifest @vitest/coverage-istanbul@5.0.3
120 silly packumentCache full:https://registry.npmjs.org/@vitest%2fcoverage-istanbul cache-miss
121 http fetch GET 200 https://registry.npmjs.org/@vitest%2fcoverage-istanbul 48ms (cache miss)
122 silly packumentCache full:https://registry.npmjs.org/@vitest%2fcoverage-istanbul set size:undefined disposed:false
123 silly fetch manifest @vitest/coverage-v8@5.0.3
124 silly packumentCache full:https://registry.npmjs.org/@vitest%2fcoverage-v8 cache-miss
125 http fetch GET 200 https://registry.npmjs.org/@vitest%2fcoverage-v8 42ms (cache miss)
126 silly packumentCache full:https://registry.npmjs.org/@vitest%2fcoverage-v8 set size:undefined disposed:false
127 silly fetch manifest @vitest/browser@5.0.3
128 silly packumentCache full:https://registry.npmjs.org/@vitest%2fbrowser cache-miss
129 http fetch GET 200 https://registry.npmjs.org/@vitest%2fbrowser 67ms (cache miss)
130 silly packumentCache full:https://registry.npmjs.org/@vitest%2fbrowser set size:undefined disposed:false
131 silly fetch manifest @vitest/ui@5.0.3
132 silly packumentCache full:https://registry.npmjs.org/@vitest%2fui cache-miss
133 http fetch GET 200 https://registry.npmjs.org/@vitest%2fui 73ms (cache miss)
134 silly packumentCache full:https://registry.npmjs.org/@vitest%2fui set size:undefined disposed:false
135 silly fetch manifest happy-dom@*
136 silly packumentCache full:https://registry.npmjs.org/happy-dom cache-miss
137 http fetch GET 200 https://registry.npmjs.org/happy-dom 106ms (cache miss)
138 silly packumentCache full:https://registry.npmjs.org/happy-dom set size:undefined disposed:false
139 silly fetch manifest jsdom@*
140 silly packumentCache full:https://registry.npmjs.org/jsdom cache-miss
141 http fetch GET 200 https://registry.npmjs.org/jsdom 42ms (cache miss)
142 silly packumentCache full:https://registry.npmjs.org/jsdom set size:undefined disposed:false
143 silly fetch manifest canvas@^3.0.0
144 silly packumentCache full:https://registry.npmjs.org/canvas cache-miss
145 http fetch GET 200 https://registry.npmjs.org/canvas 40ms (cache miss)
146 silly packumentCache full:https://registry.npmjs.org/canvas set size:undefined disposed:false
147 silly fetch manifest esbuild@^0.27.0 || ^0.28.0
148 silly packumentCache full:https://registry.npmjs.org/esbuild cache-miss
149 http fetch GET 200 https://registry.npmjs.org/esbuild 83ms (cache miss)
150 silly packumentCache full:https://registry.npmjs.org/esbuild set size:undefined disposed:false
151 silly fetch manifest jiti@>=1.21.0
152 silly packumentCache full:https://registry.npmjs.org/jiti cache-miss
153 http fetch GET 200 https://registry.npmjs.org/jiti 34ms (cache miss)
154 silly packumentCache full:https://registry.npmjs.org/jiti set size:undefined disposed:false
155 silly fetch manifest less@^4.0.0
156 silly packumentCache full:https://registry.npmjs.org/less cache-miss
157 http fetch GET 200 https://registry.npmjs.org/less 35ms (cache miss)
158 silly packumentCache full:https://registry.npmjs.org/less set size:undefined disposed:false
159 silly fetch manifest sass@^1.70.0
160 silly packumentCache full:https://registry.npmjs.org/sass cache-miss
161 http fetch GET 200 https://registry.npmjs.org/sass 56ms (cache miss)
162 silly packumentCache full:https://registry.npmjs.org/sass set size:undefined disposed:false
163 silly fetch manifest sass-embedded@^1.70.0
164 silly packumentCache full:https://registry.npmjs.org/sass-embedded cache-miss
165 http fetch GET 200 https://registry.npmjs.org/sass-embedded 35ms (cache miss)
166 silly packumentCache full:https://registry.npmjs.org/sass-embedded set size:undefined disposed:false
167 silly fetch manifest stylus@>=0.54.8
168 silly packumentCache full:https://registry.npmjs.org/stylus cache-miss
169 http fetch GET 200 https://registry.npmjs.org/stylus 28ms (cache miss)
170 silly packumentCache full:https://registry.npmjs.org/stylus set size:undefined disposed:false
171 silly fetch manifest sugarss@^5.0.0
172 silly packumentCache full:https://registry.npmjs.org/sugarss cache-miss
173 http fetch GET 200 https://registry.npmjs.org/sugarss 20ms (cache miss)
174 silly packumentCache full:https://registry.npmjs.org/sugarss set size:undefined disposed:false
175 silly fetch manifest postcss@^8.3.3
176 silly packumentCache full:https://registry.npmjs.org/postcss cache-miss
177 http fetch GET 200 https://registry.npmjs.org/postcss 44ms (cache miss)
178 silly packumentCache full:https://registry.npmjs.org/postcss set size:undefined disposed:false
179 silly fetch manifest terser@^5.16.0
180 silly packumentCache full:https://registry.npmjs.org/terser cache-miss
181 http fetch GET 200 https://registry.npmjs.org/terser 48ms (cache miss)
182 silly packumentCache full:https://registry.npmjs.org/terser set size:undefined disposed:false
183 silly fetch manifest tsx@^4.8.1
184 silly packumentCache full:https://registry.npmjs.org/tsx cache-miss
185 http fetch GET 200 https://registry.npmjs.org/tsx 38ms (cache miss)
186 silly packumentCache full:https://registry.npmjs.org/tsx set size:undefined disposed:false
187 silly fetch manifest yaml@^2.4.2
188 silly packumentCache full:https://registry.npmjs.org/yaml cache-miss
189 http fetch GET 200 https://registry.npmjs.org/yaml 35ms (cache miss)
190 silly packumentCache full:https://registry.npmjs.org/yaml set size:undefined disposed:false
191 silly fetch manifest babel-plugin-react-compiler@^1.0.0
192 silly packumentCache full:https://registry.npmjs.org/babel-plugin-react-compiler cache-miss
193 http fetch GET 200 https://registry.npmjs.org/babel-plugin-react-compiler 48ms (cache miss)
194 silly packumentCache full:https://registry.npmjs.org/babel-plugin-react-compiler set size:undefined disposed:false
195 silly fetch manifest oxc-transform-react@^0.145.0
196 silly packumentCache full:https://registry.npmjs.org/oxc-transform-react cache-miss
197 http fetch GET 200 https://registry.npmjs.org/oxc-transform-react 24ms (cache miss)
198 silly packumentCache full:https://registry.npmjs.org/oxc-transform-react set size:undefined disposed:false
199 silly fetch manifest @vitejs/plugin-rsc@^0.5.34
200 silly packumentCache full:https://registry.npmjs.org/@vitejs%2fplugin-rsc cache-miss
201 http fetch GET 200 https://registry.npmjs.org/@vitejs%2fplugin-rsc 184ms (cache miss)
202 silly packumentCache full:https://registry.npmjs.org/@vitejs%2fplugin-rsc set size:undefined disposed:false
203 silly fetch manifest react@*
204 silly packumentCache full:https://registry.npmjs.org/react cache-miss
205 http fetch GET 200 https://registry.npmjs.org/react 208ms (cache miss)
206 silly packumentCache full:https://registry.npmjs.org/react set size:undefined disposed:false
207 silly fetch manifest react-dom@*
208 silly packumentCache full:https://registry.npmjs.org/react-dom cache-miss
209 http fetch GET 200 https://registry.npmjs.org/react-dom 208ms (cache miss)
210 silly packumentCache full:https://registry.npmjs.org/react-dom set size:undefined disposed:false
211 silly fetch manifest react-server-dom-webpack@*
212 silly packumentCache full:https://registry.npmjs.org/react-server-dom-webpack cache-miss
213 http fetch GET 200 https://registry.npmjs.org/react-server-dom-webpack 182ms (cache miss)
214 silly packumentCache full:https://registry.npmjs.org/react-server-dom-webpack set size:undefined disposed:false
215 silly fetch manifest webpack@^5.59.0
216 silly packumentCache full:https://registry.npmjs.org/webpack cache-miss
217 http fetch GET 200 https://registry.npmjs.org/webpack 110ms (cache miss)
218 silly packumentCache full:https://registry.npmjs.org/webpack set size:undefined disposed:false
219 silly placeDep ROOT vinext@1.0.1 OK for:  want: 1.0.1
220 silly placeDep ROOT vite@8.3.2 OK for: vinext@1.0.1 want: ^8.0.0
221 silly placeDep ROOT react@19.3.0 OK for: vinext@1.0.1 want: ^19.2.6
222 silly placeDep ROOT react-dom@19.3.0 OK for: vinext@1.0.1 want: ^19.2.6
223 silly placeDep ROOT @vitejs/plugin-react@6.1.1 OK for: vinext@1.0.1 want: ^5.1.4 || ^6.0.0
224 silly fetch manifest ipaddr.js@^2.1.0
225 silly packumentCache full:https://registry.npmjs.org/ipaddr.js cache-miss
226 silly fetch manifest @vercel/og@1.0.3
227 silly packumentCache full:https://registry.npmjs.org/@vercel%2fog cache-miss
228 silly fetch manifest web-vitals@^4.2.4
229 silly packumentCache full:https://registry.npmjs.org/web-vitals cache-miss
230 silly fetch manifest @unpic/react@^1.0.2
231 silly packumentCache full:https://registry.npmjs.org/@unpic%2freact cache-miss
232 silly fetch manifest magic-string@^0.30.21
233 silly packumentCache full:https://registry.npmjs.org/magic-string cache-miss
234 http fetch GET 200 https://registry.npmjs.org/ipaddr.js 42ms (cache miss)
235 silly packumentCache full:https://registry.npmjs.org/ipaddr.js set size:undefined disposed:false
236 silly fetch manifest @vinext/types@^1.0.1
237 silly packumentCache full:https://registry.npmjs.org/@vinext%2ftypes cache-miss
238 http fetch GET 200 https://registry.npmjs.org/web-vitals 76ms (cache miss)
239 silly packumentCache full:https://registry.npmjs.org/web-vitals set size:undefined disposed:false
240 silly fetch manifest vite-plugin-commonjs@^0.10.4
241 silly packumentCache full:https://registry.npmjs.org/vite-plugin-commonjs cache-miss
242 http fetch GET 200 https://registry.npmjs.org/magic-string 87ms (cache miss)
243 silly packumentCache full:https://registry.npmjs.org/magic-string set size:undefined disposed:false
244 silly fetch manifest @rolldown/pluginutils@^1.0.1
245 silly packumentCache full:https://registry.npmjs.org/@rolldown%2fpluginutils cache-miss
246 http fetch GET 200 https://registry.npmjs.org/@rolldown%2fpluginutils 38ms (cache miss)
247 silly packumentCache full:https://registry.npmjs.org/@rolldown%2fpluginutils set size:undefined disposed:false
248 silly fetch manifest scheduler@^0.28.0
249 silly packumentCache full:https://registry.npmjs.org/scheduler cache-miss
250 http fetch GET 200 https://registry.npmjs.org/vite-plugin-commonjs 213ms (cache miss)
251 silly packumentCache full:https://registry.npmjs.org/vite-plugin-commonjs set size:undefined disposed:false
252 silly fetch manifest postcss@^8.5.28
253 silly packumentCache full:https://registry.npmjs.org/postcss cache-miss
254 http cache https://registry.npmjs.org/postcss 14ms (cache hit)
255 silly packumentCache full:https://registry.npmjs.org/postcss set size:766699 disposed:false
256 silly fetch manifest rolldown@~1.2.11
257 silly packumentCache full:https://registry.npmjs.org/rolldown cache-miss
258 http fetch GET 200 https://registry.npmjs.org/scheduler 193ms (cache miss)
259 silly packumentCache full:https://registry.npmjs.org/scheduler set size:undefined disposed:false
260 silly fetch manifest picomatch@^4.0.7
261 silly packumentCache full:https://registry.npmjs.org/picomatch cache-miss
262 http cache https://registry.npmjs.org/rolldown 39ms (cache hit)
263 silly packumentCache full:https://registry.npmjs.org/rolldown set size:3841440 disposed:false
264 silly fetch manifest tinyglobby@^0.2.17
265 silly packumentCache full:https://registry.npmjs.org/tinyglobby cache-miss
266 http fetch GET 200 https://registry.npmjs.org/tinyglobby 28ms (cache miss)
267 silly packumentCache full:https://registry.npmjs.org/tinyglobby set size:undefined disposed:false
268 silly fetch manifest lightningcss@^1.33.0
269 silly packumentCache full:https://registry.npmjs.org/lightningcss cache-miss
270 http fetch GET 200 https://registry.npmjs.org/picomatch 69ms (cache miss)
271 silly packumentCache full:https://registry.npmjs.org/picomatch set size:undefined disposed:false
272 silly fetch manifest fsevents@~2.3.3
273 silly packumentCache full:https://registry.npmjs.org/fsevents cache-miss
274 http fetch GET 200 https://registry.npmjs.org/lightningcss 33ms (cache miss)
275 silly packumentCache full:https://registry.npmjs.org/lightningcss set size:undefined disposed:false
276 http fetch GET 200 https://registry.npmjs.org/fsevents 32ms (cache miss)
277 silly packumentCache full:https://registry.npmjs.org/fsevents set size:undefined disposed:false
278 http fetch GET 200 https://registry.npmjs.org/@unpic%2freact 567ms (cache miss)
279 silly packumentCache full:https://registry.npmjs.org/@unpic%2freact set size:undefined disposed:false
280 http fetch GET 200 https://registry.npmjs.org/@vinext%2ftypes 528ms (cache miss)
281 silly packumentCache full:https://registry.npmjs.org/@vinext%2ftypes set size:undefined disposed:false
282 http fetch GET 200 https://registry.npmjs.org/@vercel%2fog 643ms (cache miss)
283 silly packumentCache full:https://registry.npmjs.org/@vercel%2fog set size:undefined disposed:false
284 silly placeDep ROOT @rolldown/pluginutils@1.0.1 OK for: @vitejs/plugin-react@6.1.1 want: ^1.0.1
285 silly placeDep ROOT scheduler@0.28.0 OK for: react-dom@19.3.0 want: ^0.28.0
286 silly fetch manifest next@^13.0.0 || ^14.0.0 || ^15.0.0 || ^16.0.0
287 silly packumentCache full:https://registry.npmjs.org/next cache-miss
288 http fetch GET 200 https://registry.npmjs.org/next 486ms (cache miss)
289 silly packumentCache full:https://registry.npmjs.org/next set size:undefined disposed:false
290 silly fetch manifest @opentelemetry/api@^1.1.0
291 silly packumentCache full:https://registry.npmjs.org/@opentelemetry%2fapi cache-miss
292 http cache https://registry.npmjs.org/@opentelemetry%2fapi 23ms (cache hit)
293 silly packumentCache full:https://registry.npmjs.org/@opentelemetry%2fapi set size:272967 disposed:false
294 silly fetch manifest @playwright/test@^1.51.1
295 silly packumentCache full:https://registry.npmjs.org/@playwright%2ftest cache-miss
296 http fetch GET 200 https://registry.npmjs.org/@playwright%2ftest 266ms (cache miss)
297 silly packumentCache full:https://registry.npmjs.org/@playwright%2ftest set size:undefined disposed:false
298 silly fetch manifest babel-plugin-react-compiler@*
299 silly packumentCache full:https://registry.npmjs.org/babel-plugin-react-compiler cache-miss
300 http cache https://registry.npmjs.org/babel-plugin-react-compiler 19ms (cache hit)
301 silly packumentCache full:https://registry.npmjs.org/babel-plugin-react-compiler set size:1356999 disposed:false
302 silly fetch manifest react@^19.2.6
303 silly packumentCache full:https://registry.npmjs.org/react cache-miss
304 http cache https://registry.npmjs.org/react 107ms (cache hit)
305 silly packumentCache full:https://registry.npmjs.org/react set size:7016423 disposed:false
306 silly fetch manifest react-dom@^19.2.6
307 silly packumentCache full:https://registry.npmjs.org/react-dom cache-miss
308 http cache https://registry.npmjs.org/react-dom 65ms (cache hit)
309 silly packumentCache full:https://registry.npmjs.org/react-dom set size:9455352 disposed:false
310 silly fetch manifest sass@^1.3.0
311 silly packumentCache full:https://registry.npmjs.org/sass cache-miss
312 http cache https://registry.npmjs.org/sass 18ms (cache hit)
313 silly packumentCache full:https://registry.npmjs.org/sass set size:756819 disposed:false
314 silly placeDep ROOT @unpic/react@1.0.2 OK for: vinext@1.0.1 want: ^1.0.2
315 silly placeDep ROOT @vercel/og@1.0.3 OK for: vinext@1.0.1 want: 1.0.3
316 silly placeDep ROOT @vinext/types@1.0.1 OK for: vinext@1.0.1 want: ^1.0.1
317 silly placeDep ROOT ipaddr.js@2.5.0 OK for: vinext@1.0.1 want: ^2.1.0
318 silly placeDep ROOT magic-string@0.30.21 OK for: vinext@1.0.1 want: ^0.30.21
319 silly placeDep ROOT vite-plugin-commonjs@0.10.4 OK for: vinext@1.0.1 want: ^0.10.4
320 silly placeDep ROOT web-vitals@4.2.4 OK for: vinext@1.0.1 want: ^4.2.4
321 silly fetch manifest @unpic/core@^1.0.3
322 silly packumentCache full:https://registry.npmjs.org/@unpic%2fcore cache-miss
323 silly fetch manifest satori@0.33.5
324 silly packumentCache full:https://registry.npmjs.org/satori cache-miss
325 silly fetch manifest @resvg/resvg-wasm@2.4.1
326 silly packumentCache full:https://registry.npmjs.org/@resvg%2fresvg-wasm cache-miss
327 silly fetch manifest sharp@^0.35.3
328 silly packumentCache full:https://registry.npmjs.org/sharp cache-miss
329 silly fetch manifest @jridgewell/sourcemap-codec@^1.5.5
330 silly packumentCache full:https://registry.npmjs.org/@jridgewell%2fsourcemap-codec cache-miss
331 http fetch GET 200 https://registry.npmjs.org/@jridgewell%2fsourcemap-codec 41ms (cache miss)
332 silly packumentCache full:https://registry.npmjs.org/@jridgewell%2fsourcemap-codec set size:undefined disposed:false
333 silly fetch manifest acorn@^8.12.1
334 silly packumentCache full:https://registry.npmjs.org/acorn cache-miss
335 http fetch GET 200 https://registry.npmjs.org/sharp 52ms (cache miss)
336 silly packumentCache full:https://registry.npmjs.org/sharp set size:undefined disposed:false
337 silly fetch manifest vite-plugin-dynamic-import@^1.6.0
338 silly packumentCache full:https://registry.npmjs.org/vite-plugin-dynamic-import cache-miss
339 http fetch GET 200 https://registry.npmjs.org/acorn 36ms (cache miss)
340 silly packumentCache full:https://registry.npmjs.org/acorn set size:undefined disposed:false
341 http fetch GET 200 https://registry.npmjs.org/@resvg%2fresvg-wasm 179ms (cache miss)
342 silly packumentCache full:https://registry.npmjs.org/@resvg%2fresvg-wasm set size:undefined disposed:false
343 http fetch GET 200 https://registry.npmjs.org/@unpic%2fcore 195ms (cache miss)
344 silly packumentCache full:https://registry.npmjs.org/@unpic%2fcore set size:undefined disposed:false
345 http fetch GET 200 https://registry.npmjs.org/satori 223ms (cache miss)
346 silly packumentCache full:https://registry.npmjs.org/satori set size:undefined disposed:false
347 http fetch GET 200 https://registry.npmjs.org/vite-plugin-dynamic-import 208ms (cache miss)
348 silly packumentCache full:https://registry.npmjs.org/vite-plugin-dynamic-import set size:undefined disposed:false
349 silly placeDep ROOT @unpic/core@1.0.3 OK for: @unpic/react@1.0.2 want: ^1.0.3
350 silly fetch manifest unpic@^4.2.2
351 silly packumentCache full:https://registry.npmjs.org/unpic cache-miss
352 http fetch GET 200 https://registry.npmjs.org/unpic 211ms (cache miss)
353 silly packumentCache full:https://registry.npmjs.org/unpic set size:undefined disposed:false
354 silly placeDep ROOT unpic@4.2.2 OK for: @unpic/core@1.0.3 want: ^4.2.2
355 silly placeDep ROOT @resvg/resvg-wasm@2.4.1 OK for: @vercel/og@1.0.3 want: 2.4.1
356 silly placeDep ROOT satori@0.33.5 OK for: @vercel/og@1.0.3 want: 0.33.5
357 silly placeDep ROOT sharp@0.35.5 OK for: @vercel/og@1.0.3 want: ^0.35.3
358 silly fetch manifest fflate@0.7.3
359 silly packumentCache full:https://registry.npmjs.org/fflate cache-miss
360 silly fetch manifest linebreak@^1.1.0
361 silly packumentCache full:https://registry.npmjs.org/linebreak cache-miss
362 silly fetch manifest harfbuzzjs@0.10.0
363 silly packumentCache full:https://registry.npmjs.org/harfbuzzjs cache-miss
364 silly fetch manifest escape-html@^1.0.3
365 silly packumentCache full:https://registry.npmjs.org/escape-html cache-miss
366 silly fetch manifest yoga-layout@^3.2.1
367 silly packumentCache full:https://registry.npmjs.org/yoga-layout cache-miss
368 http fetch GET 200 https://registry.npmjs.org/linebreak 27ms (cache miss)
369 silly packumentCache full:https://registry.npmjs.org/linebreak set size:undefined disposed:false
370 silly fetch manifest css-box-shadow@1.0.0-3
371 silly packumentCache full:https://registry.npmjs.org/css-box-shadow cache-miss
372 http fetch GET 200 https://registry.npmjs.org/fflate 36ms (cache miss)
373 silly packumentCache full:https://registry.npmjs.org/fflate set size:undefined disposed:false
374 silly fetch manifest emoji-regex-xs@^2.0.1
375 silly packumentCache full:https://registry.npmjs.org/emoji-regex-xs cache-miss
376 http fetch GET 200 https://registry.npmjs.org/escape-html 37ms (cache miss)
377 silly packumentCache full:https://registry.npmjs.org/escape-html set size:undefined disposed:false
378 silly fetch manifest parse-css-color@^0.2.1
379 silly packumentCache full:https://registry.npmjs.org/parse-css-color cache-miss
380 http fetch GET 200 https://registry.npmjs.org/emoji-regex-xs 23ms (cache miss)
381 silly packumentCache full:https://registry.npmjs.org/emoji-regex-xs set size:undefined disposed:false
382 silly fetch manifest css-gradient-parser@^0.0.17
383 silly packumentCache full:https://registry.npmjs.org/css-gradient-parser cache-miss
384 http fetch GET 200 https://registry.npmjs.org/yoga-layout 205ms (cache miss)
385 silly packumentCache full:https://registry.npmjs.org/yoga-layout set size:undefined disposed:false
386 silly fetch manifest css-to-react-native@^3.0.0
387 silly packumentCache full:https://registry.npmjs.org/css-to-react-native cache-miss
388 http fetch GET 200 https://registry.npmjs.org/harfbuzzjs 213ms (cache miss)
389 silly packumentCache full:https://registry.npmjs.org/harfbuzzjs set size:undefined disposed:false
390 silly fetch manifest @shuding/opentype.js@1.4.0-beta.0
391 silly packumentCache full:https://registry.npmjs.org/@shuding%2fopentype.js cache-miss
392 http fetch GET 200 https://registry.npmjs.org/css-box-shadow 205ms (cache miss)
393 silly packumentCache full:https://registry.npmjs.org/css-box-shadow set size:undefined disposed:false
394 silly fetch manifest postcss-value-parser@^4.2.0
395 silly packumentCache full:https://registry.npmjs.org/postcss-value-parser cache-miss
396 http fetch GET 200 https://registry.npmjs.org/css-to-react-native 30ms (cache miss)
397 silly packumentCache full:https://registry.npmjs.org/css-to-react-native set size:undefined disposed:false
398 silly fetch manifest css-background-parser@^0.1.0
399 silly packumentCache full:https://registry.npmjs.org/css-background-parser cache-miss
400 http fetch GET 200 https://registry.npmjs.org/parse-css-color 206ms (cache miss)
401 silly packumentCache full:https://registry.npmjs.org/parse-css-color set size:undefined disposed:false
402 silly fetch manifest semver@^7.8.5
403 silly packumentCache full:https://registry.npmjs.org/semver cache-miss
404 http fetch GET 200 https://registry.npmjs.org/postcss-value-parser 23ms (cache miss)
405 silly packumentCache full:https://registry.npmjs.org/postcss-value-parser set size:undefined disposed:false
406 silly fetch manifest @img/colour@^1.1.0
407 silly packumentCache full:https://registry.npmjs.org/@img%2fcolour cache-miss
408 http fetch GET 200 https://registry.npmjs.org/css-gradient-parser 204ms (cache miss)
409 silly packumentCache full:https://registry.npmjs.org/css-gradient-parser set size:undefined disposed:false
410 silly fetch manifest detect-libc@^2.1.2
411 silly packumentCache full:https://registry.npmjs.org/detect-libc cache-miss
412 http fetch GET 200 https://registry.npmjs.org/semver 32ms (cache miss)
413 silly packumentCache full:https://registry.npmjs.org/semver set size:undefined disposed:false
414 silly fetch manifest @img/sharp-linux-arm@0.35.5
415 silly packumentCache full:https://registry.npmjs.org/@img%2fsharp-linux-arm cache-miss
416 http fetch GET 200 https://registry.npmjs.org/detect-libc 22ms (cache miss)
417 silly packumentCache full:https://registry.npmjs.org/detect-libc set size:undefined disposed:false
418 silly fetch manifest @img/sharp-linux-x64@0.35.5
419 silly packumentCache full:https://registry.npmjs.org/@img%2fsharp-linux-x64 cache-miss
420 http fetch GET 200 https://registry.npmjs.org/@img%2fcolour 34ms (cache miss)
421 silly packumentCache full:https://registry.npmjs.org/@img%2fcolour set size:undefined disposed:false
422 silly fetch manifest @img/sharp-win32-x64@0.35.5
423 silly packumentCache full:https://registry.npmjs.org/@img%2fsharp-win32-x64 cache-miss
424 http fetch GET 200 https://registry.npmjs.org/@img%2fsharp-linux-arm 37ms (cache miss)
425 silly packumentCache full:https://registry.npmjs.org/@img%2fsharp-linux-arm set size:undefined disposed:false
426 silly fetch manifest @img/sharp-darwin-x64@0.35.5
427 silly packumentCache full:https://registry.npmjs.org/@img%2fsharp-darwin-x64 cache-miss
428 http fetch GET 200 https://registry.npmjs.org/@img%2fsharp-linux-x64 33ms (cache miss)
429 silly packumentCache full:https://registry.npmjs.org/@img%2fsharp-linux-x64 set size:undefined disposed:false
430 silly fetch manifest @img/sharp-win32-ia32@0.35.5
431 silly packumentCache full:https://registry.npmjs.org/@img%2fsharp-win32-ia32 cache-miss
432 http fetch GET 200 https://registry.npmjs.org/@img%2fsharp-win32-x64 51ms (cache miss)
433 silly packumentCache full:https://registry.npmjs.org/@img%2fsharp-win32-x64 set size:undefined disposed:false
434 silly fetch manifest @img/sharp-linux-arm64@0.35.5
435 silly packumentCache full:https://registry.npmjs.org/@img%2fsharp-linux-arm64 cache-miss
436 http fetch GET 200 https://registry.npmjs.org/@img%2fsharp-darwin-x64 33ms (cache miss)
437 silly packumentCache full:https://registry.npmjs.org/@img%2fsharp-darwin-x64 set size:undefined disposed:false
438 silly fetch manifest @img/sharp-linux-ppc64@0.35.5
439 silly packumentCache full:https://registry.npmjs.org/@img%2fsharp-linux-ppc64 cache-miss
440 http fetch GET 200 https://registry.npmjs.org/@img%2fsharp-win32-ia32 35ms (cache miss)
441 silly packumentCache full:https://registry.npmjs.org/@img%2fsharp-win32-ia32 set size:undefined disposed:false
442 silly fetch manifest @img/sharp-linux-s390x@0.35.5
443 silly packumentCache full:https://registry.npmjs.org/@img%2fsharp-linux-s390x cache-miss
444 http fetch GET 200 https://registry.npmjs.org/@img%2fsharp-linux-arm64 33ms (cache miss)
445 silly packumentCache full:https://registry.npmjs.org/@img%2fsharp-linux-arm64 set size:undefined disposed:false
446 silly fetch manifest @img/sharp-win32-arm64@0.35.5
447 silly packumentCache full:https://registry.npmjs.org/@img%2fsharp-win32-arm64 cache-miss
448 http fetch GET 200 https://registry.npmjs.org/@img%2fsharp-linux-ppc64 34ms (cache miss)
449 silly packumentCache full:https://registry.npmjs.org/@img%2fsharp-linux-ppc64 set size:undefined disposed:false
450 silly fetch manifest @img/sharp-darwin-arm64@0.35.5
451 silly packumentCache full:https://registry.npmjs.org/@img%2fsharp-darwin-arm64 cache-miss
452 http fetch GET 200 https://registry.npmjs.org/@img%2fsharp-linux-s390x 39ms (cache miss)
453 silly packumentCache full:https://registry.npmjs.org/@img%2fsharp-linux-s390x set size:undefined disposed:false
454 silly fetch manifest @img/sharp-linux-riscv64@0.35.5
455 silly packumentCache full:https://registry.npmjs.org/@img%2fsharp-linux-riscv64 cache-miss
456 http fetch GET 200 https://registry.npmjs.org/@img%2fsharp-win32-arm64 33ms (cache miss)
457 silly packumentCache full:https://registry.npmjs.org/@img%2fsharp-win32-arm64 set size:undefined disposed:false
458 silly fetch manifest @img/sharp-linuxmusl-x64@0.35.5
459 silly packumentCache full:https://registry.npmjs.org/@img%2fsharp-linuxmusl-x64 cache-miss
460 http fetch GET 200 https://registry.npmjs.org/@img%2fsharp-darwin-arm64 34ms (cache miss)
461 silly packumentCache full:https://registry.npmjs.org/@img%2fsharp-darwin-arm64 set size:undefined disposed:false
462 silly fetch manifest @img/sharp-freebsd-wasm32@0.35.5
463 silly packumentCache full:https://registry.npmjs.org/@img%2fsharp-freebsd-wasm32 cache-miss
464 http fetch GET 200 https://registry.npmjs.org/@img%2fsharp-linux-riscv64 36ms (cache miss)
465 silly packumentCache full:https://registry.npmjs.org/@img%2fsharp-linux-riscv64 set size:undefined disposed:false
466 silly fetch manifest @img/sharp-linuxmusl-arm64@0.35.5
467 silly packumentCache full:https://registry.npmjs.org/@img%2fsharp-linuxmusl-arm64 cache-miss
468 http fetch GET 200 https://registry.npmjs.org/css-background-parser 207ms (cache miss)
469 silly packumentCache full:https://registry.npmjs.org/css-background-parser set size:undefined disposed:false
470 silly fetch manifest @img/sharp-libvips-linux-arm@1.3.4
471 silly packumentCache full:https://registry.npmjs.org/@img%2fsharp-libvips-linux-arm cache-miss
472 http fetch GET 200 https://registry.npmjs.org/@img%2fsharp-linuxmusl-x64 34ms (cache miss)
473 silly packumentCache full:https://registry.npmjs.org/@img%2fsharp-linuxmusl-x64 set size:undefined disposed:false
474 silly fetch manifest @img/sharp-libvips-linux-x64@1.3.4
475 silly packumentCache full:https://registry.npmjs.org/@img%2fsharp-libvips-linux-x64 cache-miss
476 http fetch GET 200 https://registry.npmjs.org/@img%2fsharp-freebsd-wasm32 38ms (cache miss)
477 silly packumentCache full:https://registry.npmjs.org/@img%2fsharp-freebsd-wasm32 set size:undefined disposed:false
478 silly fetch manifest @img/sharp-libvips-darwin-x64@1.3.4
479 silly packumentCache full:https://registry.npmjs.org/@img%2fsharp-libvips-darwin-x64 cache-miss
480 http fetch GET 200 https://registry.npmjs.org/@img%2fsharp-linuxmusl-arm64 38ms (cache miss)
481 silly packumentCache full:https://registry.npmjs.org/@img%2fsharp-linuxmusl-arm64 set size:undefined disposed:false
482 silly fetch manifest @img/sharp-libvips-linux-arm64@1.3.4
483 silly packumentCache full:https://registry.npmjs.org/@img%2fsharp-libvips-linux-arm64 cache-miss
484 http fetch GET 200 https://registry.npmjs.org/@img%2fsharp-libvips-linux-arm 39ms (cache miss)
485 silly packumentCache full:https://registry.npmjs.org/@img%2fsharp-libvips-linux-arm set size:undefined disposed:false
486 silly fetch manifest @img/sharp-libvips-linux-ppc64@1.3.4
487 silly packumentCache full:https://registry.npmjs.org/@img%2fsharp-libvips-linux-ppc64 cache-miss
488 http fetch GET 200 https://registry.npmjs.org/@img%2fsharp-libvips-linux-x64 40ms (cache miss)
489 silly packumentCache full:https://registry.npmjs.org/@img%2fsharp-libvips-linux-x64 set size:undefined disposed:false
490 silly fetch manifest @img/sharp-libvips-linux-s390x@1.3.4
491 silly packumentCache full:https://registry.npmjs.org/@img%2fsharp-libvips-linux-s390x cache-miss
492 http fetch GET 200 https://registry.npmjs.org/@img%2fsharp-libvips-darwin-x64 36ms (cache miss)
493 silly packumentCache full:https://registry.npmjs.org/@img%2fsharp-libvips-darwin-x64 set size:undefined disposed:false
494 silly fetch manifest @img/sharp-libvips-darwin-arm64@1.3.4
495 silly packumentCache full:https://registry.npmjs.org/@img%2fsharp-libvips-darwin-arm64 cache-miss
496 http fetch GET 200 https://registry.npmjs.org/@img%2fsharp-libvips-linux-arm64 35ms (cache miss)
497 silly packumentCache full:https://registry.npmjs.org/@img%2fsharp-libvips-linux-arm64 set size:undefined disposed:false
498 silly fetch manifest @img/sharp-webcontainers-wasm32@0.35.5
499 silly packumentCache full:https://registry.npmjs.org/@img%2fsharp-webcontainers-wasm32 cache-miss
500 http fetch GET 200 https://registry.npmjs.org/@img%2fsharp-libvips-linux-s390x 37ms (cache miss)
501 silly packumentCache full:https://registry.npmjs.org/@img%2fsharp-libvips-linux-s390x set size:undefined disposed:false
502 silly fetch manifest @img/sharp-libvips-linux-riscv64@1.3.4
503 silly packumentCache full:https://registry.npmjs.org/@img%2fsharp-libvips-linux-riscv64 cache-miss
504 http fetch GET 200 https://registry.npmjs.org/@img%2fsharp-libvips-darwin-arm64 36ms (cache miss)
505 silly packumentCache full:https://registry.npmjs.org/@img%2fsharp-libvips-darwin-arm64 set size:undefined disposed:false
506 silly fetch manifest @img/sharp-libvips-linuxmusl-x64@1.3.4
507 silly packumentCache full:https://registry.npmjs.org/@img%2fsharp-libvips-linuxmusl-x64 cache-miss
508 http fetch GET 200 https://registry.npmjs.org/@img%2fsharp-libvips-linux-ppc64 49ms (cache miss)
509 silly packumentCache full:https://registry.npmjs.org/@img%2fsharp-libvips-linux-ppc64 set size:undefined disposed:false
510 silly fetch manifest @img/sharp-libvips-linuxmusl-arm64@1.3.4
511 silly packumentCache full:https://registry.npmjs.org/@img%2fsharp-libvips-linuxmusl-arm64 cache-miss
512 http fetch GET 200 https://registry.npmjs.org/@img%2fsharp-webcontainers-wasm32 33ms (cache miss)
513 silly packumentCache full:https://registry.npmjs.org/@img%2fsharp-webcontainers-wasm32 set size:undefined disposed:false
514 http fetch GET 200 https://registry.npmjs.org/@img%2fsharp-libvips-linux-riscv64 32ms (cache miss)
515 silly packumentCache full:https://registry.npmjs.org/@img%2fsharp-libvips-linux-riscv64 set size:undefined disposed:false
516 http fetch GET 200 https://registry.npmjs.org/@img%2fsharp-libvips-linuxmusl-x64 31ms (cache miss)
517 silly packumentCache full:https://registry.npmjs.org/@img%2fsharp-libvips-linuxmusl-x64 set size:undefined disposed:false
518 http fetch GET 200 https://registry.npmjs.org/@img%2fsharp-libvips-linuxmusl-arm64 46ms (cache miss)
519 silly packumentCache full:https://registry.npmjs.org/@img%2fsharp-libvips-linuxmusl-arm64 set size:undefined disposed:false
520 http fetch GET 200 https://registry.npmjs.org/@shuding%2fopentype.js 393ms (cache miss)
521 silly packumentCache full:https://registry.npmjs.org/@shuding%2fopentype.js set size:undefined disposed:false
522 silly placeDep ROOT @jridgewell/sourcemap-codec@1.6.0 OK for: magic-string@0.30.21 want: ^1.5.5
523 silly placeDep ROOT @shuding/opentype.js@1.4.0-beta.0 OK for: satori@0.33.5 want: 1.4.0-beta.0
524 silly placeDep ROOT css-background-parser@0.1.0 OK for: satori@0.33.5 want: ^0.1.0
525 silly placeDep ROOT css-box-shadow@1.0.0-3 OK for: satori@0.33.5 want: 1.0.0-3
526 silly placeDep ROOT css-gradient-parser@0.0.17 OK for: satori@0.33.5 want: ^0.0.17
527 silly placeDep ROOT css-to-react-native@3.2.0 OK for: satori@0.33.5 want: ^3.0.0
528 silly placeDep ROOT emoji-regex-xs@2.0.1 OK for: satori@0.33.5 want: ^2.0.1
529 silly placeDep ROOT escape-html@1.0.3 OK for: satori@0.33.5 want: ^1.0.3
530 silly placeDep ROOT fflate@0.7.3 OK for: satori@0.33.5 want: 0.7.3
531 silly placeDep ROOT harfbuzzjs@0.10.0 OK for: satori@0.33.5 want: 0.10.0
532 silly placeDep ROOT linebreak@1.1.0 OK for: satori@0.33.5 want: ^1.1.0
533 silly placeDep ROOT parse-css-color@0.2.1 OK for: satori@0.33.5 want: ^0.2.1
534 silly placeDep ROOT postcss-value-parser@4.2.0 OK for: satori@0.33.5 want: ^4.2.0
535 silly placeDep ROOT yoga-layout@3.2.1 OK for: satori@0.33.5 want: ^3.2.1
536 silly fetch manifest fflate@^0.7.3
537 silly packumentCache full:https://registry.npmjs.org/fflate cache-miss
538 silly fetch manifest string.prototype.codepointat@^0.2.1
539 silly packumentCache full:https://registry.npmjs.org/string.prototype.codepointat cache-miss
540 silly fetch manifest camelize@^1.0.0
541 silly packumentCache full:https://registry.npmjs.org/camelize cache-miss
542 silly fetch manifest css-color-keywords@^1.0.0
543 silly packumentCache full:https://registry.npmjs.org/css-color-keywords cache-miss
544 silly fetch manifest postcss-value-parser@^4.0.2
545 silly packumentCache full:https://registry.npmjs.org/postcss-value-parser cache-miss
546 http cache https://registry.npmjs.org/fflate 8ms (cache hit)
547 silly packumentCache full:https://registry.npmjs.org/fflate set size:220550 disposed:false
548 silly fetch manifest base64-js@0.0.8
549 silly packumentCache full:https://registry.npmjs.org/base64-js cache-miss
550 http cache https://registry.npmjs.org/postcss-value-parser 10ms (cache hit)
551 silly packumentCache full:https://registry.npmjs.org/postcss-value-parser set size:73526 disposed:false
552 silly fetch manifest unicode-trie@^2.0.0
553 silly packumentCache full:https://registry.npmjs.org/unicode-trie cache-miss
554 http fetch GET 200 https://registry.npmjs.org/camelize 21ms (cache miss)
555 silly packumentCache full:https://registry.npmjs.org/camelize set size:undefined disposed:false
556 silly fetch manifest color-name@^1.1.4
557 silly packumentCache full:https://registry.npmjs.org/color-name cache-miss
558 http fetch GET 200 https://registry.npmjs.org/unicode-trie 21ms (cache miss)
559 silly packumentCache full:https://registry.npmjs.org/unicode-trie set size:undefined disposed:false
560 silly fetch manifest hex-rgb@^4.1.0
561 silly packumentCache full:https://registry.npmjs.org/hex-rgb cache-miss
562 http fetch GET 200 https://registry.npmjs.org/base64-js 26ms (cache miss)
563 silly packumentCache full:https://registry.npmjs.org/base64-js set size:undefined disposed:false
564 http fetch GET 200 https://registry.npmjs.org/color-name 33ms (cache miss)
565 silly packumentCache full:https://registry.npmjs.org/color-name set size:undefined disposed:false
566 http fetch GET 200 https://registry.npmjs.org/css-color-keywords 206ms (cache miss)
567 silly packumentCache full:https://registry.npmjs.org/css-color-keywords set size:undefined disposed:false
568 http fetch GET 200 https://registry.npmjs.org/string.prototype.codepointat 208ms (cache miss)
569 silly packumentCache full:https://registry.npmjs.org/string.prototype.codepointat set size:undefined disposed:false
570 http fetch GET 200 https://registry.npmjs.org/hex-rgb 201ms (cache miss)
571 silly packumentCache full:https://registry.npmjs.org/hex-rgb set size:undefined disposed:false
572 silly placeDep ROOT string.prototype.codepointat@0.2.1 OK for: @shuding/opentype.js@1.4.0-beta.0 want: ^0.2.1
573 silly placeDep ROOT camelize@1.0.1 OK for: css-to-react-native@3.2.0 want: ^1.0.0
574 silly placeDep ROOT css-color-keywords@1.0.0 OK for: css-to-react-native@3.2.0 want: ^1.0.0
575 silly placeDep ROOT base64-js@0.0.8 OK for: linebreak@1.1.0 want: 0.0.8
576 silly placeDep ROOT unicode-trie@2.0.0 OK for: linebreak@1.1.0 want: ^2.0.0
577 silly fetch manifest pako@^0.2.5
578 silly packumentCache full:https://registry.npmjs.org/pako cache-miss
579 silly fetch manifest tiny-inflate@^1.0.0
580 silly packumentCache full:https://registry.npmjs.org/tiny-inflate cache-miss
581 http fetch GET 200 https://registry.npmjs.org/tiny-inflate 25ms (cache miss)
582 silly packumentCache full:https://registry.npmjs.org/tiny-inflate set size:undefined disposed:false
583 http fetch GET 200 https://registry.npmjs.org/pako 28ms (cache miss)
584 silly packumentCache full:https://registry.npmjs.org/pako set size:undefined disposed:false
585 silly placeDep ROOT color-name@1.1.4 OK for: parse-css-color@0.2.1 want: ^1.1.4
586 silly placeDep ROOT hex-rgb@4.3.0 OK for: parse-css-color@0.2.1 want: ^4.1.0
587 silly placeDep ROOT @img/colour@1.1.0 OK for: sharp@0.35.5 want: ^1.1.0
588 silly placeDep ROOT @img/sharp-darwin-arm64@0.35.5 OK for: sharp@0.35.5 want: 0.35.5
589 silly placeDep ROOT @img/sharp-darwin-x64@0.35.5 OK for: sharp@0.35.5 want: 0.35.5
590 silly placeDep ROOT @img/sharp-freebsd-wasm32@0.35.5 OK for: sharp@0.35.5 want: 0.35.5
591 silly placeDep ROOT @img/sharp-libvips-darwin-arm64@1.3.4 OK for: sharp@0.35.5 want: 1.3.4
592 silly placeDep ROOT @img/sharp-libvips-darwin-x64@1.3.4 OK for: sharp@0.35.5 want: 1.3.4
593 silly placeDep ROOT @img/sharp-libvips-linux-arm@1.3.4 OK for: sharp@0.35.5 want: 1.3.4
594 silly placeDep ROOT @img/sharp-libvips-linux-arm64@1.3.4 OK for: sharp@0.35.5 want: 1.3.4
595 silly placeDep ROOT @img/sharp-libvips-linux-ppc64@1.3.4 OK for: sharp@0.35.5 want: 1.3.4
596 silly placeDep ROOT @img/sharp-libvips-linux-riscv64@1.3.4 OK for: sharp@0.35.5 want: 1.3.4
597 silly placeDep ROOT @img/sharp-libvips-linux-s390x@1.3.4 OK for: sharp@0.35.5 want: 1.3.4
598 silly placeDep ROOT @img/sharp-libvips-linux-x64@1.3.4 OK for: sharp@0.35.5 want: 1.3.4
599 silly placeDep ROOT @img/sharp-libvips-linuxmusl-arm64@1.3.4 OK for: sharp@0.35.5 want: 1.3.4
600 silly placeDep ROOT @img/sharp-libvips-linuxmusl-x64@1.3.4 OK for: sharp@0.35.5 want: 1.3.4
601 silly placeDep ROOT @img/sharp-linux-arm@0.35.5 OK for: sharp@0.35.5 want: 0.35.5
602 silly placeDep ROOT @img/sharp-linux-arm64@0.35.5 OK for: sharp@0.35.5 want: 0.35.5
603 silly placeDep ROOT @img/sharp-linux-ppc64@0.35.5 OK for: sharp@0.35.5 want: 0.35.5
604 silly placeDep ROOT @img/sharp-linux-riscv64@0.35.5 OK for: sharp@0.35.5 want: 0.35.5
605 silly placeDep ROOT @img/sharp-linux-s390x@0.35.5 OK for: sharp@0.35.5 want: 0.35.5
606 silly placeDep ROOT @img/sharp-linux-x64@0.35.5 OK for: sharp@0.35.5 want: 0.35.5
607 silly placeDep ROOT @img/sharp-linuxmusl-arm64@0.35.5 OK for: sharp@0.35.5 want: 0.35.5
608 silly placeDep ROOT @img/sharp-linuxmusl-x64@0.35.5 OK for: sharp@0.35.5 want: 0.35.5
609 silly placeDep ROOT @img/sharp-webcontainers-wasm32@0.35.5 OK for: sharp@0.35.5 want: 0.35.5
610 silly placeDep ROOT @img/sharp-win32-arm64@0.35.5 OK for: sharp@0.35.5 want: 0.35.5
611 silly placeDep ROOT @img/sharp-win32-ia32@0.35.5 OK for: sharp@0.35.5 want: 0.35.5
612 silly placeDep ROOT @img/sharp-win32-x64@0.35.5 OK for: sharp@0.35.5 want: 0.35.5
613 silly placeDep ROOT detect-libc@2.1.2 OK for: sharp@0.35.5 want: ^2.1.2
614 silly placeDep ROOT semver@7.8.5 OK for: sharp@0.35.5 want: ^7.8.5
615 silly fetch manifest @img/sharp-wasm32@0.35.5
616 silly packumentCache full:https://registry.npmjs.org/@img%2fsharp-wasm32 cache-miss
617 silly fetch manifest @img/sharp-wasm32@0.35.5
618 silly packumentCache full:https://registry.npmjs.org/@img%2fsharp-wasm32 cache-miss
619 http fetch GET 200 https://registry.npmjs.org/@img%2fsharp-wasm32 35ms (cache miss)
620 silly packumentCache full:https://registry.npmjs.org/@img%2fsharp-wasm32 set size:undefined disposed:false
621 http fetch GET 200 https://registry.npmjs.org/@img%2fsharp-wasm32 38ms (cache miss)
622 silly packumentCache full:https://registry.npmjs.org/@img%2fsharp-wasm32 set size:undefined disposed:false
623 silly placeDep ROOT @img/sharp-wasm32@0.35.5 OK for: @img/sharp-freebsd-wasm32@0.35.5 want: 0.35.5
624 silly fetch manifest @emnapi/runtime@^1.11.3
625 silly packumentCache full:https://registry.npmjs.org/@emnapi%2fruntime cache-miss
626 http fetch GET 200 https://registry.npmjs.org/@emnapi%2fruntime 34ms (cache miss)
627 silly packumentCache full:https://registry.npmjs.org/@emnapi%2fruntime set size:undefined disposed:false
628 silly placeDep ROOT @emnapi/runtime@1.11.3 OK for: @img/sharp-wasm32@0.35.5 want: ^1.11.3
629 silly fetch manifest tslib@^2.4.0
630 silly packumentCache full:https://registry.npmjs.org/tslib cache-miss
631 http fetch GET 200 https://registry.npmjs.org/tslib 23ms (cache miss)
632 silly packumentCache full:https://registry.npmjs.org/tslib set size:undefined disposed:false
633 silly placeDep ROOT tslib@2.8.1 OK for: @emnapi/runtime@1.11.3 want: ^2.4.0
634 silly placeDep ROOT pako@0.2.9 OK for: unicode-trie@2.0.0 want: ^0.2.5
635 silly placeDep ROOT tiny-inflate@1.0.3 OK for: unicode-trie@2.0.0 want: ^1.0.0
636 silly placeDep ROOT fsevents@2.3.3 OK for: vite@8.3.2 want: ~2.3.3
637 silly placeDep ROOT lightningcss@1.33.0 OK for: vite@8.3.2 want: ^1.33.0
638 silly placeDep ROOT picomatch@4.0.7 OK for: vite@8.3.2 want: ^4.0.7
639 silly placeDep ROOT postcss@8.5.28 OK for: vite@8.3.2 want: ^8.5.28
640 silly placeDep ROOT rolldown@1.2.12 OK for: vite@8.3.2 want: ~1.2.11
641 silly placeDep ROOT tinyglobby@0.2.17 OK for: vite@8.3.2 want: ^0.2.17
642 silly fetch manifest lightningcss-darwin-x64@1.33.0
643 silly packumentCache full:https://registry.npmjs.org/lightningcss-darwin-x64 cache-miss
644 silly fetch manifest lightningcss-linux-x64-gnu@1.33.0
645 silly packumentCache full:https://registry.npmjs.org/lightningcss-linux-x64-gnu cache-miss
646 silly fetch manifest lightningcss-win32-x64-msvc@1.33.0
647 silly packumentCache full:https://registry.npmjs.org/lightningcss-win32-x64-msvc cache-miss
648 silly fetch manifest lightningcss-win32-arm64-msvc@1.33.0
649 silly packumentCache full:https://registry.npmjs.org/lightningcss-win32-arm64-msvc cache-miss
650 silly fetch manifest lightningcss-darwin-arm64@1.33.0
651 silly packumentCache full:https://registry.npmjs.org/lightningcss-darwin-arm64 cache-miss
652 http fetch GET 200 https://registry.npmjs.org/lightningcss-darwin-x64 32ms (cache miss)
653 silly packumentCache full:https://registry.npmjs.org/lightningcss-darwin-x64 set size:undefined disposed:false
654 silly fetch manifest lightningcss-linux-arm64-gnu@1.33.0
655 silly packumentCache full:https://registry.npmjs.org/lightningcss-linux-arm64-gnu cache-miss
656 http fetch GET 200 https://registry.npmjs.org/lightningcss-darwin-arm64 33ms (cache miss)
657 silly packumentCache full:https://registry.npmjs.org/lightningcss-darwin-arm64 set size:undefined disposed:false
658 silly fetch manifest lightningcss-linux-arm-gnueabihf@1.33.0
659 silly packumentCache full:https://registry.npmjs.org/lightningcss-linux-arm-gnueabihf cache-miss
660 http fetch GET 200 https://registry.npmjs.org/lightningcss-linux-x64-gnu 40ms (cache miss)
661 silly packumentCache full:https://registry.npmjs.org/lightningcss-linux-x64-gnu set size:undefined disposed:false
662 silly fetch manifest lightningcss-linux-arm64-musl@1.33.0
663 silly packumentCache full:https://registry.npmjs.org/lightningcss-linux-arm64-musl cache-miss
664 http fetch GET 200 https://registry.npmjs.org/lightningcss-win32-arm64-msvc 43ms (cache miss)
665 silly packumentCache full:https://registry.npmjs.org/lightningcss-win32-arm64-msvc set size:undefined disposed:false
666 silly fetch manifest lightningcss-linux-x64-musl@1.33.0
667 silly packumentCache full:https://registry.npmjs.org/lightningcss-linux-x64-musl cache-miss
668 http fetch GET 200 https://registry.npmjs.org/lightningcss-win32-x64-msvc 48ms (cache miss)
669 silly packumentCache full:https://registry.npmjs.org/lightningcss-win32-x64-msvc set size:undefined disposed:false
670 silly fetch manifest lightningcss-freebsd-x64@1.33.0
671 silly packumentCache full:https://registry.npmjs.org/lightningcss-freebsd-x64 cache-miss
672 http fetch GET 200 https://registry.npmjs.org/lightningcss-linux-arm64-gnu 30ms (cache miss)
673 silly packumentCache full:https://registry.npmjs.org/lightningcss-linux-arm64-gnu set size:undefined disposed:false
674 silly fetch manifest lightningcss-android-arm64@1.33.0
675 silly packumentCache full:https://registry.npmjs.org/lightningcss-android-arm64 cache-miss
676 http fetch GET 200 https://registry.npmjs.org/lightningcss-linux-arm-gnueabihf 35ms (cache miss)
677 silly packumentCache full:https://registry.npmjs.org/lightningcss-linux-arm-gnueabihf set size:undefined disposed:false
678 silly fetch manifest nanoid@^3.3.18
679 silly packumentCache full:https://registry.npmjs.org/nanoid cache-miss
680 http fetch GET 200 https://registry.npmjs.org/lightningcss-freebsd-x64 27ms (cache miss)
681 silly packumentCache full:https://registry.npmjs.org/lightningcss-freebsd-x64 set size:undefined disposed:false
682 silly fetch manifest picocolors@^1.1.1
683 silly packumentCache full:https://registry.npmjs.org/picocolors cache-miss
684 http fetch GET 200 https://registry.npmjs.org/lightningcss-linux-x64-musl 34ms (cache miss)
685 silly packumentCache full:https://registry.npmjs.org/lightningcss-linux-x64-musl set size:undefined disposed:false
686 silly fetch manifest source-map-js@^1.2.1
687 silly packumentCache full:https://registry.npmjs.org/source-map-js cache-miss
688 http fetch GET 200 https://registry.npmjs.org/lightningcss-linux-arm64-musl 42ms (cache miss)
689 silly packumentCache full:https://registry.npmjs.org/lightningcss-linux-arm64-musl set size:undefined disposed:false
690 silly fetch manifest @oxc-project/types@=0.152.0
691 silly packumentCache full:https://registry.npmjs.org/@oxc-project%2ftypes cache-miss
692 http fetch GET 200 https://registry.npmjs.org/lightningcss-android-arm64 24ms (cache miss)
693 silly packumentCache full:https://registry.npmjs.org/lightningcss-android-arm64 set size:undefined disposed:false
694 silly fetch manifest @rolldown/binding-darwin-x64@1.2.12
695 silly packumentCache full:https://registry.npmjs.org/@rolldown%2fbinding-darwin-x64 cache-miss
696 http fetch GET 200 https://registry.npmjs.org/picocolors 32ms (cache miss)
697 silly packumentCache full:https://registry.npmjs.org/picocolors set size:undefined disposed:false
698 silly fetch manifest @rolldown/binding-freebsd-x64@1.2.12
699 silly packumentCache full:https://registry.npmjs.org/@rolldown%2fbinding-freebsd-x64 cache-miss
700 http fetch GET 200 https://registry.npmjs.org/nanoid 43ms (cache miss)
701 silly packumentCache full:https://registry.npmjs.org/nanoid set size:undefined disposed:false
702 silly fetch manifest @rolldown/binding-darwin-arm64@1.2.12
703 silly packumentCache full:https://registry.npmjs.org/@rolldown%2fbinding-darwin-arm64 cache-miss
704 http fetch GET 200 https://registry.npmjs.org/@oxc-project%2ftypes 52ms (cache miss)
705 silly packumentCache full:https://registry.npmjs.org/@oxc-project%2ftypes set size:undefined disposed:false
706 silly fetch manifest @rolldown/binding-android-arm64@1.2.12
707 silly packumentCache full:https://registry.npmjs.org/@rolldown%2fbinding-android-arm64 cache-miss
708 http fetch GET 200 https://registry.npmjs.org/@rolldown%2fbinding-darwin-x64 97ms (cache miss)
709 silly packumentCache full:https://registry.npmjs.org/@rolldown%2fbinding-darwin-x64 set size:undefined disposed:false
710 silly fetch manifest @rolldown/binding-linux-x64-gnu@1.2.12
711 silly packumentCache full:https://registry.npmjs.org/@rolldown%2fbinding-linux-x64-gnu cache-miss
712 http fetch GET 200 https://registry.npmjs.org/@rolldown%2fbinding-android-arm64 64ms (cache miss)
713 silly packumentCache full:https://registry.npmjs.org/@rolldown%2fbinding-android-arm64 set size:undefined disposed:false
714 silly fetch manifest @rolldown/binding-linux-x64-musl@1.2.12
715 silly packumentCache full:https://registry.npmjs.org/@rolldown%2fbinding-linux-x64-musl cache-miss
716 http fetch GET 200 https://registry.npmjs.org/@rolldown%2fbinding-freebsd-x64 101ms (cache miss)
717 silly packumentCache full:https://registry.npmjs.org/@rolldown%2fbinding-freebsd-x64 set size:undefined disposed:false
718 silly fetch manifest @rolldown/binding-win32-x64-msvc@1.2.12
719 silly packumentCache full:https://registry.npmjs.org/@rolldown%2fbinding-win32-x64-msvc cache-miss
720 http fetch GET 200 https://registry.npmjs.org/@rolldown%2fbinding-darwin-arm64 118ms (cache miss)
721 silly packumentCache full:https://registry.npmjs.org/@rolldown%2fbinding-darwin-arm64 set size:undefined disposed:false
722 silly fetch manifest @rolldown/binding-linux-arm64-gnu@1.2.12
723 silly packumentCache full:https://registry.npmjs.org/@rolldown%2fbinding-linux-arm64-gnu cache-miss
724 http fetch GET 200 https://registry.npmjs.org/@rolldown%2fbinding-linux-x64-gnu 71ms (cache miss)
725 silly packumentCache full:https://registry.npmjs.org/@rolldown%2fbinding-linux-x64-gnu set size:undefined disposed:false
726 silly fetch manifest @rolldown/binding-linux-ppc64-gnu@1.2.12
727 silly packumentCache full:https://registry.npmjs.org/@rolldown%2fbinding-linux-ppc64-gnu cache-miss
728 http fetch GET 200 https://registry.npmjs.org/@rolldown%2fbinding-win32-x64-msvc 87ms (cache miss)
729 silly packumentCache full:https://registry.npmjs.org/@rolldown%2fbinding-win32-x64-msvc set size:undefined disposed:false
730 silly fetch manifest @rolldown/binding-linux-s390x-gnu@1.2.12
731 silly packumentCache full:https://registry.npmjs.org/@rolldown%2fbinding-linux-s390x-gnu cache-miss
732 http fetch GET 200 https://registry.npmjs.org/@rolldown%2fbinding-linux-ppc64-gnu 44ms (cache miss)
733 silly packumentCache full:https://registry.npmjs.org/@rolldown%2fbinding-linux-ppc64-gnu set size:undefined disposed:false
734 silly fetch manifest @rolldown/binding-android-arm-eabi@1.2.12
735 silly packumentCache full:https://registry.npmjs.org/@rolldown%2fbinding-android-arm-eabi cache-miss
736 http fetch GET 200 https://registry.npmjs.org/@rolldown%2fbinding-linux-x64-musl 123ms (cache miss)
737 silly packumentCache full:https://registry.npmjs.org/@rolldown%2fbinding-linux-x64-musl set size:undefined disposed:false
738 silly fetch manifest @rolldown/binding-linux-arm64-musl@1.2.12
739 silly packumentCache full:https://registry.npmjs.org/@rolldown%2fbinding-linux-arm64-musl cache-miss
740 http fetch GET 200 https://registry.npmjs.org/source-map-js 266ms (cache miss)
741 silly packumentCache full:https://registry.npmjs.org/source-map-js set size:undefined disposed:false
742 silly fetch manifest @rolldown/binding-win32-arm64-msvc@1.2.12
743 silly packumentCache full:https://registry.npmjs.org/@rolldown%2fbinding-win32-arm64-msvc cache-miss
744 http fetch GET 200 https://registry.npmjs.org/@rolldown%2fbinding-android-arm-eabi 41ms (cache miss)
745 silly packumentCache full:https://registry.npmjs.org/@rolldown%2fbinding-android-arm-eabi set size:undefined disposed:false
746 silly fetch manifest @rolldown/binding-openharmony-arm64@1.2.12
747 silly packumentCache full:https://registry.npmjs.org/@rolldown%2fbinding-openharmony-arm64 cache-miss
748 http fetch GET 200 https://registry.npmjs.org/@rolldown%2fbinding-linux-arm64-gnu 119ms (cache miss)
749 silly packumentCache full:https://registry.npmjs.org/@rolldown%2fbinding-linux-arm64-gnu set size:undefined disposed:false
750 silly fetch manifest @rolldown/binding-linux-arm-gnueabihf@1.2.12
751 silly packumentCache full:https://registry.npmjs.org/@rolldown%2fbinding-linux-arm-gnueabihf cache-miss
752 http fetch GET 200 https://registry.npmjs.org/@rolldown%2fbinding-linux-s390x-gnu 59ms (cache miss)
753 silly packumentCache full:https://registry.npmjs.org/@rolldown%2fbinding-linux-s390x-gnu set size:undefined disposed:false
754 silly fetch manifest fdir@^6.5.0
755 silly packumentCache full:https://registry.npmjs.org/fdir cache-miss
756 http fetch GET 200 https://registry.npmjs.org/fdir 26ms (cache miss)
757 silly packumentCache full:https://registry.npmjs.org/fdir set size:undefined disposed:false
758 http fetch GET 200 https://registry.npmjs.org/@rolldown%2fbinding-win32-arm64-msvc 103ms (cache miss)
759 silly packumentCache full:https://registry.npmjs.org/@rolldown%2fbinding-win32-arm64-msvc set size:undefined disposed:false
760 http fetch GET 200 https://registry.npmjs.org/@rolldown%2fbinding-linux-arm64-musl 140ms (cache miss)
761 silly packumentCache full:https://registry.npmjs.org/@rolldown%2fbinding-linux-arm64-musl set size:undefined disposed:false
762 http fetch GET 200 https://registry.npmjs.org/@rolldown%2fbinding-linux-arm-gnueabihf 148ms (cache miss)
763 silly packumentCache full:https://registry.npmjs.org/@rolldown%2fbinding-linux-arm-gnueabihf set size:undefined disposed:false
764 http fetch GET 200 https://registry.npmjs.org/@rolldown%2fbinding-openharmony-arm64 231ms (cache miss)
765 silly packumentCache full:https://registry.npmjs.org/@rolldown%2fbinding-openharmony-arm64 set size:undefined disposed:false
766 silly placeDep ROOT lightningcss-android-arm64@1.33.0 OK for: lightningcss@1.33.0 want: 1.33.0
767 silly placeDep ROOT lightningcss-darwin-arm64@1.33.0 OK for: lightningcss@1.33.0 want: 1.33.0
768 silly placeDep ROOT lightningcss-darwin-x64@1.33.0 OK for: lightningcss@1.33.0 want: 1.33.0
769 silly placeDep ROOT lightningcss-freebsd-x64@1.33.0 OK for: lightningcss@1.33.0 want: 1.33.0
770 silly placeDep ROOT lightningcss-linux-arm-gnueabihf@1.33.0 OK for: lightningcss@1.33.0 want: 1.33.0
771 silly placeDep ROOT lightningcss-linux-arm64-gnu@1.33.0 OK for: lightningcss@1.33.0 want: 1.33.0
772 silly placeDep ROOT lightningcss-linux-arm64-musl@1.33.0 OK for: lightningcss@1.33.0 want: 1.33.0
773 silly placeDep ROOT lightningcss-linux-x64-gnu@1.33.0 OK for: lightningcss@1.33.0 want: 1.33.0
774 silly placeDep ROOT lightningcss-linux-x64-musl@1.33.0 OK for: lightningcss@1.33.0 want: 1.33.0
775 silly placeDep ROOT lightningcss-win32-arm64-msvc@1.33.0 OK for: lightningcss@1.33.0 want: 1.33.0
776 silly placeDep ROOT lightningcss-win32-x64-msvc@1.33.0 OK for: lightningcss@1.33.0 want: 1.33.0
777 silly placeDep ROOT nanoid@3.3.19 OK for: postcss@8.5.28 want: ^3.3.18
778 silly placeDep ROOT picocolors@1.1.1 OK for: postcss@8.5.28 want: ^1.1.1
779 silly placeDep ROOT source-map-js@1.2.2 OK for: postcss@8.5.28 want: ^1.2.1
780 silly placeDep ROOT @oxc-project/types@0.152.0 OK for: rolldown@1.2.12 want: =0.152.0
781 silly placeDep ROOT @rolldown/binding-android-arm-eabi@1.2.12 OK for: rolldown@1.2.12 want: 1.2.12
782 silly placeDep ROOT @rolldown/binding-android-arm64@1.2.12 OK for: rolldown@1.2.12 want: 1.2.12
783 silly placeDep ROOT @rolldown/binding-darwin-arm64@1.2.12 OK for: rolldown@1.2.12 want: 1.2.12
784 silly placeDep ROOT @rolldown/binding-darwin-x64@1.2.12 OK for: rolldown@1.2.12 want: 1.2.12
785 silly placeDep ROOT @rolldown/binding-freebsd-x64@1.2.12 OK for: rolldown@1.2.12 want: 1.2.12
786 silly placeDep ROOT @rolldown/binding-linux-arm-gnueabihf@1.2.12 OK for: rolldown@1.2.12 want: 1.2.12
787 silly placeDep ROOT @rolldown/binding-linux-arm64-gnu@1.2.12 OK for: rolldown@1.2.12 want: 1.2.12
788 silly placeDep ROOT @rolldown/binding-linux-arm64-musl@1.2.12 OK for: rolldown@1.2.12 want: 1.2.12
789 silly placeDep ROOT @rolldown/binding-linux-ppc64-gnu@1.2.12 OK for: rolldown@1.2.12 want: 1.2.12
790 silly placeDep ROOT @rolldown/binding-linux-s390x-gnu@1.2.12 OK for: rolldown@1.2.12 want: 1.2.12
791 silly placeDep ROOT @rolldown/binding-linux-x64-gnu@1.2.12 OK for: rolldown@1.2.12 want: 1.2.12
792 silly placeDep ROOT @rolldown/binding-linux-x64-musl@1.2.12 OK for: rolldown@1.2.12 want: 1.2.12
793 silly placeDep ROOT @rolldown/binding-openharmony-arm64@1.2.12 OK for: rolldown@1.2.12 want: 1.2.12
794 silly placeDep ROOT @rolldown/binding-win32-arm64-msvc@1.2.12 OK for: rolldown@1.2.12 want: 1.2.12
795 silly placeDep ROOT @rolldown/binding-win32-x64-msvc@1.2.12 OK for: rolldown@1.2.12 want: 1.2.12
796 silly fetch manifest picomatch@^4.0.4
797 silly packumentCache full:https://registry.npmjs.org/picomatch cache-miss
798 http cache https://registry.npmjs.org/picomatch 8ms (cache hit)
799 silly packumentCache full:https://registry.npmjs.org/picomatch set size:134451 disposed:false
800 silly placeDep ROOT fdir@6.5.0 OK for: tinyglobby@0.2.17 want: ^6.5.0
801 silly placeDep ROOT acorn@8.18.0 OK for: vite-plugin-commonjs@0.10.4 want: ^8.12.1
802 silly placeDep ROOT vite-plugin-dynamic-import@1.6.0 OK for: vite-plugin-commonjs@0.10.4 want: ^1.6.0
803 silly fetch manifest fast-glob@^3.3.2
804 silly packumentCache full:https://registry.npmjs.org/fast-glob cache-miss
805 silly fetch manifest es-module-lexer@^1.5.4
806 silly packumentCache full:https://registry.npmjs.org/es-module-lexer cache-miss
807 http fetch GET 200 https://registry.npmjs.org/fast-glob 38ms (cache miss)
808 silly packumentCache full:https://registry.npmjs.org/fast-glob set size:undefined disposed:false
809 http fetch GET 200 https://registry.npmjs.org/es-module-lexer 57ms (cache miss)
810 silly packumentCache full:https://registry.npmjs.org/es-module-lexer set size:undefined disposed:false
811 silly placeDep ROOT es-module-lexer@1.7.0 OK for: vite-plugin-dynamic-import@1.6.0 want: ^1.5.4
812 silly placeDep ROOT fast-glob@3.3.3 OK for: vite-plugin-dynamic-import@1.6.0 want: ^3.3.2
813 silly fetch manifest @nodelib/fs.stat@^2.0.2
814 silly packumentCache full:https://registry.npmjs.org/@nodelib%2ffs.stat cache-miss
815 silly fetch manifest @nodelib/fs.walk@^1.2.3
816 silly packumentCache full:https://registry.npmjs.org/@nodelib%2ffs.walk cache-miss
817 silly fetch manifest glob-parent@^5.1.2
818 silly packumentCache full:https://registry.npmjs.org/glob-parent cache-miss
819 silly fetch manifest merge2@^1.3.0
820 silly packumentCache full:https://registry.npmjs.org/merge2 cache-miss
821 silly fetch manifest micromatch@^4.0.8
822 silly packumentCache full:https://registry.npmjs.org/micromatch cache-miss
823 http fetch GET 200 https://registry.npmjs.org/merge2 27ms (cache miss)
824 silly packumentCache full:https://registry.npmjs.org/merge2 set size:undefined disposed:false
825 http fetch GET 200 https://registry.npmjs.org/glob-parent 28ms (cache miss)
826 silly packumentCache full:https://registry.npmjs.org/glob-parent set size:undefined disposed:false
827 http fetch GET 200 https://registry.npmjs.org/@nodelib%2ffs.stat 41ms (cache miss)
828 silly packumentCache full:https://registry.npmjs.org/@nodelib%2ffs.stat set size:undefined disposed:false
829 http fetch GET 200 https://registry.npmjs.org/micromatch 43ms (cache miss)
830 silly packumentCache full:https://registry.npmjs.org/micromatch set size:undefined disposed:false
831 http fetch GET 200 https://registry.npmjs.org/@nodelib%2ffs.walk 45ms (cache miss)
832 silly packumentCache full:https://registry.npmjs.org/@nodelib%2ffs.walk set size:undefined disposed:false
833 silly placeDep ROOT @nodelib/fs.stat@2.0.5 OK for: fast-glob@3.3.3 want: ^2.0.2
834 silly placeDep ROOT @nodelib/fs.walk@1.2.8 OK for: fast-glob@3.3.3 want: ^1.2.3
835 silly placeDep ROOT glob-parent@5.1.2 OK for: fast-glob@3.3.3 want: ^5.1.2
836 silly placeDep ROOT merge2@1.4.1 OK for: fast-glob@3.3.3 want: ^1.3.0
837 silly placeDep ROOT micromatch@4.0.8 OK for: fast-glob@3.3.3 want: ^4.0.8
838 silly fetch manifest fastq@^1.6.0
839 silly packumentCache full:https://registry.npmjs.org/fastq cache-miss
840 silly fetch manifest @nodelib/fs.scandir@2.1.5
841 silly packumentCache full:https://registry.npmjs.org/@nodelib%2ffs.scandir cache-miss
842 silly fetch manifest is-glob@^4.0.1
843 silly packumentCache full:https://registry.npmjs.org/is-glob cache-miss
844 silly fetch manifest braces@^3.0.3
845 silly packumentCache full:https://registry.npmjs.org/braces cache-miss
846 silly fetch manifest picomatch@^2.3.1
847 silly packumentCache full:https://registry.npmjs.org/picomatch cache-hit
848 http fetch GET 200 https://registry.npmjs.org/is-glob 25ms (cache miss)
849 silly packumentCache full:https://registry.npmjs.org/is-glob set size:undefined disposed:false
850 http fetch GET 200 https://registry.npmjs.org/braces 30ms (cache miss)
851 silly packumentCache full:https://registry.npmjs.org/braces set size:undefined disposed:false
852 http fetch GET 200 https://registry.npmjs.org/fastq 33ms (cache miss)
853 silly packumentCache full:https://registry.npmjs.org/fastq set size:undefined disposed:false
854 http fetch GET 200 https://registry.npmjs.org/@nodelib%2ffs.scandir 39ms (cache miss)
855 silly packumentCache full:https://registry.npmjs.org/@nodelib%2ffs.scandir set size:undefined disposed:false
856 silly placeDep ROOT @nodelib/fs.scandir@2.1.5 OK for: @nodelib/fs.walk@1.2.8 want: 2.1.5
857 silly placeDep ROOT fastq@1.20.3 OK for: @nodelib/fs.walk@1.2.8 want: ^1.6.0
858 silly fetch manifest run-parallel@^1.1.9
859 silly packumentCache full:https://registry.npmjs.org/run-parallel cache-miss
860 silly fetch manifest reusify@^1.0.4
861 silly packumentCache full:https://registry.npmjs.org/reusify cache-miss
862 http fetch GET 200 https://registry.npmjs.org/run-parallel 25ms (cache miss)
863 silly packumentCache full:https://registry.npmjs.org/run-parallel set size:undefined disposed:false
864 http fetch GET 200 https://registry.npmjs.org/reusify 26ms (cache miss)
865 silly packumentCache full:https://registry.npmjs.org/reusify set size:undefined disposed:false
866 silly placeDep ROOT run-parallel@1.2.0 OK for: @nodelib/fs.scandir@2.1.5 want: ^1.1.9
867 silly fetch manifest queue-microtask@^1.2.2
868 silly packumentCache full:https://registry.npmjs.org/queue-microtask cache-miss
869 http fetch GET 200 https://registry.npmjs.org/queue-microtask 24ms (cache miss)
870 silly packumentCache full:https://registry.npmjs.org/queue-microtask set size:undefined disposed:false
871 silly placeDep ROOT reusify@1.1.0 OK for: fastq@1.20.3 want: ^1.0.4
872 silly placeDep ROOT is-glob@4.0.3 OK for: glob-parent@5.1.2 want: ^4.0.1
873 silly fetch manifest is-extglob@^2.1.1
874 silly packumentCache full:https://registry.npmjs.org/is-extglob cache-miss
875 http fetch GET 200 https://registry.npmjs.org/is-extglob 20ms (cache miss)
876 silly packumentCache full:https://registry.npmjs.org/is-extglob set size:undefined disposed:false
877 silly placeDep ROOT is-extglob@2.1.1 OK for: is-glob@4.0.3 want: ^2.1.1
878 silly placeDep ROOT braces@3.0.3 OK for: micromatch@4.0.8 want: ^3.0.3
879 silly placeDep node_modules/micromatch picomatch@2.3.2 OK for: micromatch@4.0.8 want: ^2.3.1
880 silly fetch manifest fill-range@^7.1.1
881 silly packumentCache full:https://registry.npmjs.org/fill-range cache-miss
882 http fetch GET 200 https://registry.npmjs.org/fill-range 23ms (cache miss)
883 silly packumentCache full:https://registry.npmjs.org/fill-range set size:undefined disposed:false
884 silly placeDep ROOT fill-range@7.1.1 OK for: braces@3.0.3 want: ^7.1.1
885 silly fetch manifest to-regex-range@^5.0.1
886 silly packumentCache full:https://registry.npmjs.org/to-regex-range cache-miss
887 http fetch GET 200 https://registry.npmjs.org/to-regex-range 21ms (cache miss)
888 silly packumentCache full:https://registry.npmjs.org/to-regex-range set size:undefined disposed:false
889 silly placeDep ROOT to-regex-range@5.0.1 OK for: fill-range@7.1.1 want: ^5.0.1
890 silly fetch manifest is-number@^7.0.0
891 silly packumentCache full:https://registry.npmjs.org/is-number cache-miss
892 http fetch GET 200 https://registry.npmjs.org/is-number 22ms (cache miss)
893 silly packumentCache full:https://registry.npmjs.org/is-number set size:undefined disposed:false
894 silly placeDep ROOT queue-microtask@1.2.3 OK for: run-parallel@1.2.0 want: ^1.2.2
895 silly placeDep ROOT is-number@7.0.0 OK for: to-regex-range@5.0.1 want: ^7.0.0
896 silly reify moves {}
897 silly audit bulk request {
897 silly audit   vinext: [ '1.0.1' ],
897 silly audit   vite: [ '8.3.2' ],
897 silly audit   react: [ '19.3.0' ],
897 silly audit   'react-dom': [ '19.3.0' ],
897 silly audit   '@vitejs/plugin-react': [ '6.1.1' ],
897 silly audit   '@rolldown/pluginutils': [ '1.0.1' ],
897 silly audit   scheduler: [ '0.28.0' ],
897 silly audit   '@unpic/react': [ '1.0.2' ],
897 silly audit   '@vercel/og': [ '1.0.3' ],
897 silly audit   '@vinext/types': [ '1.0.1' ],
897 silly audit   'ipaddr.js': [ '2.5.0' ],
897 silly audit   'magic-string': [ '0.30.21' ],
897 silly audit   'vite-plugin-commonjs': [ '0.10.4' ],
897 silly audit   'web-vitals': [ '4.2.4' ],
897 silly audit   '@unpic/core': [ '1.0.3' ],
897 silly audit   unpic: [ '4.2.2' ],
897 silly audit   '@resvg/resvg-wasm': [ '2.4.1' ],
897 silly audit   satori: [ '0.33.5' ],
897 silly audit   sharp: [ '0.35.5' ],
897 silly audit   '@jridgewell/sourcemap-codec': [ '1.6.0' ],
897 silly audit   '@shuding/opentype.js': [ '1.4.0-beta.0' ],
897 silly audit   'css-background-parser': [ '0.1.0' ],
897 silly audit   'css-box-shadow': [ '1.0.0-3' ],
897 silly audit   'css-gradient-parser': [ '0.0.17' ],
897 silly audit   'css-to-react-native': [ '3.2.0' ],
897 silly audit   'emoji-regex-xs': [ '2.0.1' ],
897 silly audit   'escape-html': [ '1.0.3' ],
897 silly audit   fflate: [ '0.7.3' ],
897 silly audit   harfbuzzjs: [ '0.10.0' ],
897 silly audit   linebreak: [ '1.1.0' ],
897 silly audit   'parse-css-color': [ '0.2.1' ],
897 silly audit   'postcss-value-parser': [ '4.2.0' ],
897 silly audit   'yoga-layout': [ '3.2.1' ],
897 silly audit   'string.prototype.codepointat': [ '0.2.1' ],
897 silly audit   camelize: [ '1.0.1' ],
897 silly audit   'css-color-keywords': [ '1.0.0' ],
897 silly audit   'base64-js': [ '0.0.8' ],
897 silly audit   'unicode-trie': [ '2.0.0' ],
897 silly audit   'color-name': [ '1.1.4' ],
897 silly audit   'hex-rgb': [ '4.3.0' ],
897 silly audit   '@img/colour': [ '1.1.0' ],
897 silly audit   '@img/sharp-darwin-arm64': [ '0.35.5' ],
897 silly audit   '@img/sharp-darwin-x64': [ '0.35.5' ],
897 silly audit   '@img/sharp-freebsd-wasm32': [ '0.35.5' ],
897 silly audit   '@img/sharp-libvips-darwin-arm64': [ '1.3.4' ],
897 silly audit   '@img/sharp-libvips-darwin-x64': [ '1.3.4' ],
897 silly audit   '@img/sharp-libvips-linux-arm': [ '1.3.4' ],
897 silly audit   '@img/sharp-libvips-linux-arm64': [ '1.3.4' ],
897 silly audit   '@img/sharp-libvips-linux-ppc64': [ '1.3.4' ],
897 silly audit   '@img/sharp-libvips-linux-riscv64': [ '1.3.4' ],
897 silly audit   '@img/sharp-libvips-linux-s390x': [ '1.3.4' ],
897 silly audit   '@img/sharp-libvips-linux-x64': [ '1.3.4' ],
897 silly audit   '@img/sharp-libvips-linuxmusl-arm64': [ '1.3.4' ],
897 silly audit   '@img/sharp-libvips-linuxmusl-x64': [ '1.3.4' ],
897 silly audit   '@img/sharp-linux-arm': [ '0.35.5' ],
897 silly audit   '@img/sharp-linux-arm64': [ '0.35.5' ],
897 silly audit   '@img/sharp-linux-ppc64': [ '0.35.5' ],
897 silly audit   '@img/sharp-linux-riscv64': [ '0.35.5' ],
897 silly audit   '@img/sharp-linux-s390x': [ '0.35.5' ],
897 silly audit   '@img/sharp-linux-x64': [ '0.35.5' ],
897 silly audit   '@img/sharp-linuxmusl-arm64': [ '0.35.5' ],
897 silly audit   '@img/sharp-linuxmusl-x64': [ '0.35.5' ],
897 silly audit   '@img/sharp-webcontainers-wasm32': [ '0.35.5' ],
897 silly audit   '@img/sharp-win32-arm64': [ '0.35.5' ],
897 silly audit   '@img/sharp-win32-ia32': [ '0.35.5' ],
897 silly audit   '@img/sharp-win32-x64': [ '0.35.5' ],
897 silly audit   'detect-libc': [ '2.1.2' ],
897 silly audit   semver: [ '7.8.5' ],
897 silly audit   '@img/sharp-wasm32': [ '0.35.5' ],
897 silly audit   '@emnapi/runtime': [ '1.11.3' ],
897 silly audit   tslib: [ '2.8.1' ],
897 silly audit   pako: [ '0.2.9' ],
897 silly audit   'tiny-inflate': [ '1.0.3' ],
897 silly audit   fsevents: [ '2.3.3' ],
897 silly audit   lightningcss: [ '1.33.0' ],
897 silly audit   picomatch: [ '4.0.7', '2.3.2' ],
897 silly audit   postcss: [ '8.5.28' ],
897 silly audit   rolldown: [ '1.2.12' ],
897 silly audit   tinyglobby: [ '0.2.17' ],
897 silly audit   'lightningcss-android-arm64': [ '1.33.0' ],
897 silly audit   'lightningcss-darwin-arm64': [ '1.33.0' ],
897 silly audit   'lightningcss-darwin-x64': [ '1.33.0' ],
897 silly audit   'lightningcss-freebsd-x64': [ '1.33.0' ],
897 silly audit   'lightningcss-linux-arm-gnueabihf': [ '1.33.0' ],
897 silly audit   'lightningcss-linux-arm64-gnu': [ '1.33.0' ],
897 silly audit   'lightningcss-linux-arm64-musl': [ '1.33.0' ],
897 silly audit   'lightningcss-linux-x64-gnu': [ '1.33.0' ],
897 silly audit   'lightningcss-linux-x64-musl': [ '1.33.0' ],
897 silly audit   'lightningcss-win32-arm64-msvc': [ '1.33.0' ],
897 silly audit   'lightningcss-win32-x64-msvc': [ '1.33.0' ],
897 silly audit   nanoid: [ '3.3.19' ],
897 silly audit   picocolors: [ '1.1.1' ],
897 silly audit   'source-map-js': [ '1.2.2' ],
897 silly audit   '@oxc-project/types': [ '0.152.0' ],
897 silly audit   '@rolldown/binding-android-arm-eabi': [ '1.2.12' ],
897 silly audit   '@rolldown/binding-android-arm64': [ '1.2.12' ],
897 silly audit   '@rolldown/binding-darwin-arm64': [ '1.2.12' ],
897 silly audit   '@rolldown/binding-darwin-x64': [ '1.2.12' ],
897 silly audit   '@rolldown/binding-freebsd-x64': [ '1.2.12' ],
897 silly audit   '@rolldown/binding-linux-arm-gnueabihf': [ '1.2.12' ],
897 silly audit   '@rolldown/binding-linux-arm64-gnu': [ '1.2.12' ],
897 silly audit   '@rolldown/binding-linux-arm64-musl': [ '1.2.12' ],
897 silly audit   '@rolldown/binding-linux-ppc64-gnu': [ '1.2.12' ],
897 silly audit   '@rolldown/binding-linux-s390x-gnu': [ '1.2.12' ],
897 silly audit   '@rolldown/binding-linux-x64-gnu': [ '1.2.12' ],
897 silly audit   '@rolldown/binding-linux-x64-musl': [ '1.2.12' ],
897 silly audit   '@rolldown/binding-openharmony-arm64': [ '1.2.12' ],
897 silly audit   '@rolldown/binding-win32-arm64-msvc': [ '1.2.12' ],
897 silly audit   '@rolldown/binding-win32-x64-msvc': [ '1.2.12' ],
897 silly audit   fdir: [ '6.5.0' ],
897 silly audit   acorn: [ '8.18.0' ],
897 silly audit   'vite-plugin-dynamic-import': [ '1.6.0' ],
897 silly audit   'es-module-lexer': [ '1.7.0' ],
897 silly audit   'fast-glob': [ '3.3.3' ],
897 silly audit   '@nodelib/fs.stat': [ '2.0.5' ],
897 silly audit   '@nodelib/fs.walk': [ '1.2.8' ],
897 silly audit   'glob-parent': [ '5.1.2' ],
897 silly audit   merge2: [ '1.4.1' ],
897 silly audit   micromatch: [ '4.0.8' ],
897 silly audit   '@nodelib/fs.scandir': [ '2.1.5' ],
897 silly audit   fastq: [ '1.20.3' ],
897 silly audit   'run-parallel': [ '1.2.0' ],
897 silly audit   reusify: [ '1.1.0' ],
897 silly audit   'is-glob': [ '4.0.3' ],
897 silly audit   'is-extglob': [ '2.1.1' ],
897 silly audit   braces: [ '3.0.3' ],
897 silly audit   'fill-range': [ '7.1.1' ],
897 silly audit   'to-regex-range': [ '5.0.1' ],
897 silly audit   'queue-microtask': [ '1.2.3' ],
897 silly audit   'is-number': [ '7.0.0' ]
897 silly audit }
898 http cache is-number@https://registry.npmjs.org/is-number/-/is-number-7.0.0.tgz 0ms (cache hit)
899 http cache queue-microtask@https://registry.npmjs.org/queue-microtask/-/queue-microtask-1.2.3.tgz 0ms (cache hit)
900 http cache to-regex-range@https://registry.npmjs.org/to-regex-range/-/to-regex-range-5.0.1.tgz 0ms (cache hit)
901 http cache fill-range@https://registry.npmjs.org/fill-range/-/fill-range-7.1.1.tgz 0ms (cache hit)
902 http cache braces@https://registry.npmjs.org/braces/-/braces-3.0.3.tgz 0ms (cache hit)
903 http cache is-extglob@https://registry.npmjs.org/is-extglob/-/is-extglob-2.1.1.tgz 0ms (cache hit)
904 http cache is-glob@https://registry.npmjs.org/is-glob/-/is-glob-4.0.3.tgz 0ms (cache hit)
905 http cache @nodelib/fs.scandir@https://registry.npmjs.org/@nodelib/fs.scandir/-/fs.scandir-2.1.5.tgz 0ms (cache hit)
906 http cache run-parallel@https://registry.npmjs.org/run-parallel/-/run-parallel-1.2.0.tgz 0ms (cache hit)
907 http cache fastq@https://registry.npmjs.org/fastq/-/fastq-1.20.3.tgz 0ms (cache hit)
908 http cache merge2@https://registry.npmjs.org/merge2/-/merge2-1.4.1.tgz 0ms (cache hit)
909 http cache reusify@https://registry.npmjs.org/reusify/-/reusify-1.1.0.tgz 0ms (cache hit)
910 http cache @nodelib/fs.walk@https://registry.npmjs.org/@nodelib/fs.walk/-/fs.walk-1.2.8.tgz 0ms (cache hit)
911 http cache @nodelib/fs.stat@https://registry.npmjs.org/@nodelib/fs.stat/-/fs.stat-2.0.5.tgz 0ms (cache hit)
912 http cache micromatch@https://registry.npmjs.org/micromatch/-/micromatch-4.0.8.tgz 0ms (cache hit)
913 http cache glob-parent@https://registry.npmjs.org/glob-parent/-/glob-parent-5.1.2.tgz 0ms (cache hit)
914 http cache fast-glob@https://registry.npmjs.org/fast-glob/-/fast-glob-3.3.3.tgz 0ms (cache hit)
915 http cache es-module-lexer@https://registry.npmjs.org/es-module-lexer/-/es-module-lexer-1.7.0.tgz 0ms (cache hit)
916 http cache vite-plugin-dynamic-import@https://registry.npmjs.org/vite-plugin-dynamic-import/-/vite-plugin-dynamic-import-1.6.0.tgz 0ms (cache hit)
917 http cache fdir@https://registry.npmjs.org/fdir/-/fdir-6.5.0.tgz 0ms (cache hit)
918 http cache @rolldown/binding-win32-x64-msvc@https://registry.npmjs.org/@rolldown/binding-win32-x64-msvc/-/binding-win32-x64-msvc-1.2.12.tgz 0ms (cache hit)
919 http cache @oxc-project/types@https://registry.npmjs.org/@oxc-project/types/-/types-0.152.0.tgz 0ms (cache hit)
920 http cache acorn@https://registry.npmjs.org/acorn/-/acorn-8.18.0.tgz 0ms (cache hit)
921 http cache source-map-js@https://registry.npmjs.org/source-map-js/-/source-map-js-1.2.2.tgz 0ms (cache hit)
922 http cache picocolors@https://registry.npmjs.org/picocolors/-/picocolors-1.1.1.tgz 0ms (cache hit)
923 http cache nanoid@https://registry.npmjs.org/nanoid/-/nanoid-3.3.19.tgz 0ms (cache hit)
924 http cache lightningcss-win32-x64-msvc@https://registry.npmjs.org/lightningcss-win32-x64-msvc/-/lightningcss-win32-x64-msvc-1.33.0.tgz 0ms (cache hit)
925 http cache tinyglobby@https://registry.npmjs.org/tinyglobby/-/tinyglobby-0.2.17.tgz 0ms (cache hit)
926 http cache rolldown@https://registry.npmjs.org/rolldown/-/rolldown-1.2.12.tgz 0ms (cache hit)
927 http cache postcss@https://registry.npmjs.org/postcss/-/postcss-8.5.28.tgz 0ms (cache hit)
928 http cache picomatch@https://registry.npmjs.org/picomatch/-/picomatch-4.0.7.tgz 0ms (cache hit)
929 http cache lightningcss@https://registry.npmjs.org/lightningcss/-/lightningcss-1.33.0.tgz 0ms (cache hit)
930 http cache tiny-inflate@https://registry.npmjs.org/tiny-inflate/-/tiny-inflate-1.0.3.tgz 0ms (cache hit)
931 http cache pako@https://registry.npmjs.org/pako/-/pako-0.2.9.tgz 0ms (cache hit)
932 http cache tslib@https://registry.npmjs.org/tslib/-/tslib-2.8.1.tgz 0ms (cache hit)
933 http cache @emnapi/runtime@https://registry.npmjs.org/@emnapi/runtime/-/runtime-1.11.3.tgz 0ms (cache hit)
934 http cache @img/sharp-wasm32@https://registry.npmjs.org/@img/sharp-wasm32/-/sharp-wasm32-0.35.5.tgz 0ms (cache hit)
935 http cache detect-libc@https://registry.npmjs.org/detect-libc/-/detect-libc-2.1.2.tgz 0ms (cache hit)
936 http cache @img/sharp-win32-x64@https://registry.npmjs.org/@img/sharp-win32-x64/-/sharp-win32-x64-0.35.5.tgz 0ms (cache hit)
937 http cache semver@https://registry.npmjs.org/semver/-/semver-7.8.5.tgz 0ms (cache hit)
938 http cache @img/colour@https://registry.npmjs.org/@img/colour/-/colour-1.1.0.tgz 0ms (cache hit)
939 http cache hex-rgb@https://registry.npmjs.org/hex-rgb/-/hex-rgb-4.3.0.tgz 0ms (cache hit)
940 http cache color-name@https://registry.npmjs.org/color-name/-/color-name-1.1.4.tgz 0ms (cache hit)
941 http cache unicode-trie@https://registry.npmjs.org/unicode-trie/-/unicode-trie-2.0.0.tgz 0ms (cache hit)
942 http cache base64-js@https://registry.npmjs.org/base64-js/-/base64-js-0.0.8.tgz 0ms (cache hit)
943 http cache css-color-keywords@https://registry.npmjs.org/css-color-keywords/-/css-color-keywords-1.0.0.tgz 0ms (cache hit)
944 http cache camelize@https://registry.npmjs.org/camelize/-/camelize-1.0.1.tgz 0ms (cache hit)
945 http cache string.prototype.codepointat@https://registry.npmjs.org/string.prototype.codepointat/-/string.prototype.codepointat-0.2.1.tgz 0ms (cache hit)
946 http cache yoga-layout@https://registry.npmjs.org/yoga-layout/-/yoga-layout-3.2.1.tgz 0ms (cache hit)
947 http cache postcss-value-parser@https://registry.npmjs.org/postcss-value-parser/-/postcss-value-parser-4.2.0.tgz 0ms (cache hit)
948 http cache parse-css-color@https://registry.npmjs.org/parse-css-color/-/parse-css-color-0.2.1.tgz 0ms (cache hit)
949 http cache linebreak@https://registry.npmjs.org/linebreak/-/linebreak-1.1.0.tgz 0ms (cache hit)
950 http cache harfbuzzjs@https://registry.npmjs.org/harfbuzzjs/-/harfbuzzjs-0.10.0.tgz 0ms (cache hit)
951 http cache fflate@https://registry.npmjs.org/fflate/-/fflate-0.7.3.tgz 0ms (cache hit)
952 http cache escape-html@https://registry.npmjs.org/escape-html/-/escape-html-1.0.3.tgz 0ms (cache hit)
953 http cache css-to-react-native@https://registry.npmjs.org/css-to-react-native/-/css-to-react-native-3.2.0.tgz 0ms (cache hit)
954 http cache emoji-regex-xs@https://registry.npmjs.org/emoji-regex-xs/-/emoji-regex-xs-2.0.1.tgz 0ms (cache hit)
955 http cache @shuding/opentype.js@https://registry.npmjs.org/@shuding/opentype.js/-/opentype.js-1.4.0-beta.0.tgz 0ms (cache hit)
956 http cache css-gradient-parser@https://registry.npmjs.org/css-gradient-parser/-/css-gradient-parser-0.0.17.tgz 0ms (cache hit)
957 http cache @jridgewell/sourcemap-codec@https://registry.npmjs.org/@jridgewell/sourcemap-codec/-/sourcemap-codec-1.6.0.tgz 0ms (cache hit)
958 http cache css-box-shadow@https://registry.npmjs.org/css-box-shadow/-/css-box-shadow-1.0.0-3.tgz 0ms (cache hit)
959 http cache @resvg/resvg-wasm@https://registry.npmjs.org/@resvg/resvg-wasm/-/resvg-wasm-2.4.1.tgz 0ms (cache hit)
960 http cache css-background-parser@https://registry.npmjs.org/css-background-parser/-/css-background-parser-0.1.0.tgz 0ms (cache hit)
961 http cache @unpic/core@https://registry.npmjs.org/@unpic/core/-/core-1.0.3.tgz 0ms (cache hit)
962 http cache sharp@https://registry.npmjs.org/sharp/-/sharp-0.35.5.tgz 0ms (cache hit)
963 http cache satori@https://registry.npmjs.org/satori/-/satori-0.33.5.tgz 0ms (cache hit)
964 http cache unpic@https://registry.npmjs.org/unpic/-/unpic-4.2.2.tgz 0ms (cache hit)
965 http cache web-vitals@https://registry.npmjs.org/web-vitals/-/web-vitals-4.2.4.tgz 0ms (cache hit)
966 http cache vite-plugin-commonjs@https://registry.npmjs.org/vite-plugin-commonjs/-/vite-plugin-commonjs-0.10.4.tgz 0ms (cache hit)
967 http cache magic-string@https://registry.npmjs.org/magic-string/-/magic-string-0.30.21.tgz 0ms (cache hit)
968 http cache ipaddr.js@https://registry.npmjs.org/ipaddr.js/-/ipaddr.js-2.5.0.tgz 0ms (cache hit)
969 http cache @vinext/types@https://registry.npmjs.org/@vinext/types/-/types-1.0.1.tgz 0ms (cache hit)
970 http cache @vercel/og@https://registry.npmjs.org/@vercel/og/-/og-1.0.3.tgz 0ms (cache hit)
971 http cache @unpic/react@https://registry.npmjs.org/@unpic/react/-/react-1.0.2.tgz 0ms (cache hit)
972 http cache @rolldown/pluginutils@https://registry.npmjs.org/@rolldown/pluginutils/-/pluginutils-1.0.1.tgz 0ms (cache hit)
973 http cache @vitejs/plugin-react@https://registry.npmjs.org/@vitejs/plugin-react/-/plugin-react-6.1.1.tgz 0ms (cache hit)
974 http cache scheduler@https://registry.npmjs.org/scheduler/-/scheduler-0.28.0.tgz 0ms (cache hit)
975 http cache react-dom@https://registry.npmjs.org/react-dom/-/react-dom-19.3.0.tgz 0ms (cache hit)
976 http cache react@https://registry.npmjs.org/react/-/react-19.3.0.tgz 0ms (cache hit)
977 silly tarball no local data for is-number@https://registry.npmjs.org/is-number/-/is-number-7.0.0.tgz. Extracting by manifest.
978 silly tarball no local data for queue-microtask@https://registry.npmjs.org/queue-microtask/-/queue-microtask-1.2.3.tgz. Extracting by manifest.
979 http cache picomatch@https://registry.npmjs.org/picomatch/-/picomatch-2.3.2.tgz 0ms (cache hit)
980 http cache vinext@https://registry.npmjs.org/vinext/-/vinext-1.0.1.tgz 0ms (cache hit)
981 silly tarball no local data for to-regex-range@https://registry.npmjs.org/to-regex-range/-/to-regex-range-5.0.1.tgz. Extracting by manifest.
982 silly tarball no local data for fill-range@https://registry.npmjs.org/fill-range/-/fill-range-7.1.1.tgz. Extracting by manifest.
983 silly tarball no local data for braces@https://registry.npmjs.org/braces/-/braces-3.0.3.tgz. Extracting by manifest.
984 silly tarball no local data for is-extglob@https://registry.npmjs.org/is-extglob/-/is-extglob-2.1.1.tgz. Extracting by manifest.
985 silly tarball no local data for is-glob@https://registry.npmjs.org/is-glob/-/is-glob-4.0.3.tgz. Extracting by manifest.
986 silly tarball no local data for @nodelib/fs.scandir@https://registry.npmjs.org/@nodelib/fs.scandir/-/fs.scandir-2.1.5.tgz. Extracting by manifest.
987 http cache vite@https://registry.npmjs.org/vite/-/vite-8.3.2.tgz 0ms (cache hit)
988 silly tarball no local data for run-parallel@https://registry.npmjs.org/run-parallel/-/run-parallel-1.2.0.tgz. Extracting by manifest.
989 silly tarball no local data for fastq@https://registry.npmjs.org/fastq/-/fastq-1.20.3.tgz. Extracting by manifest.
990 silly tarball no local data for merge2@https://registry.npmjs.org/merge2/-/merge2-1.4.1.tgz. Extracting by manifest.
991 silly tarball no local data for reusify@https://registry.npmjs.org/reusify/-/reusify-1.1.0.tgz. Extracting by manifest.
992 silly tarball no local data for @nodelib/fs.walk@https://registry.npmjs.org/@nodelib/fs.walk/-/fs.walk-1.2.8.tgz. Extracting by manifest.
993 silly tarball no local data for @nodelib/fs.stat@https://registry.npmjs.org/@nodelib/fs.stat/-/fs.stat-2.0.5.tgz. Extracting by manifest.
994 silly tarball no local data for micromatch@https://registry.npmjs.org/micromatch/-/micromatch-4.0.8.tgz. Extracting by manifest.
995 silly tarball no local data for glob-parent@https://registry.npmjs.org/glob-parent/-/glob-parent-5.1.2.tgz. Extracting by manifest.
996 silly tarball no local data for fast-glob@https://registry.npmjs.org/fast-glob/-/fast-glob-3.3.3.tgz. Extracting by manifest.
997 silly tarball no local data for es-module-lexer@https://registry.npmjs.org/es-module-lexer/-/es-module-lexer-1.7.0.tgz. Extracting by manifest.
998 silly tarball no local data for vite-plugin-dynamic-import@https://registry.npmjs.org/vite-plugin-dynamic-import/-/vite-plugin-dynamic-import-1.6.0.tgz. Extracting by manifest.
999 silly tarball no local data for fdir@https://registry.npmjs.org/fdir/-/fdir-6.5.0.tgz. Extracting by manifest.
1000 silly tarball no local data for @rolldown/binding-win32-x64-msvc@https://registry.npmjs.org/@rolldown/binding-win32-x64-msvc/-/binding-win32-x64-msvc-1.2.12.tgz. Extracting by manifest.
1001 silly tarball no local data for @oxc-project/types@https://registry.npmjs.org/@oxc-project/types/-/types-0.152.0.tgz. Extracting by manifest.
1002 silly tarball no local data for acorn@https://registry.npmjs.org/acorn/-/acorn-8.18.0.tgz. Extracting by manifest.
1003 silly tarball no local data for source-map-js@https://registry.npmjs.org/source-map-js/-/source-map-js-1.2.2.tgz. Extracting by manifest.
1004 silly tarball no local data for picocolors@https://registry.npmjs.org/picocolors/-/picocolors-1.1.1.tgz. Extracting by manifest.
1005 silly tarball no local data for nanoid@https://registry.npmjs.org/nanoid/-/nanoid-3.3.19.tgz. Extracting by manifest.
1006 silly tarball no local data for lightningcss-win32-x64-msvc@https://registry.npmjs.org/lightningcss-win32-x64-msvc/-/lightningcss-win32-x64-msvc-1.33.0.tgz. Extracting by manifest.
1007 silly tarball no local data for tinyglobby@https://registry.npmjs.org/tinyglobby/-/tinyglobby-0.2.17.tgz. Extracting by manifest.
1008 silly tarball no local data for rolldown@https://registry.npmjs.org/rolldown/-/rolldown-1.2.12.tgz. Extracting by manifest.
1009 silly tarball no local data for postcss@https://registry.npmjs.org/postcss/-/postcss-8.5.28.tgz. Extracting by manifest.
1010 silly tarball no local data for picomatch@https://registry.npmjs.org/picomatch/-/picomatch-4.0.7.tgz. Extracting by manifest.
1011 silly tarball no local data for lightningcss@https://registry.npmjs.org/lightningcss/-/lightningcss-1.33.0.tgz. Extracting by manifest.
1012 silly tarball no local data for tiny-inflate@https://registry.npmjs.org/tiny-inflate/-/tiny-inflate-1.0.3.tgz. Extracting by manifest.
1013 silly tarball no local data for pako@https://registry.npmjs.org/pako/-/pako-0.2.9.tgz. Extracting by manifest.
1014 silly tarball no local data for tslib@https://registry.npmjs.org/tslib/-/tslib-2.8.1.tgz. Extracting by manifest.
1015 silly tarball no local data for @emnapi/runtime@https://registry.npmjs.org/@emnapi/runtime/-/runtime-1.11.3.tgz. Extracting by manifest.
1016 silly tarball no local data for @img/sharp-wasm32@https://registry.npmjs.org/@img/sharp-wasm32/-/sharp-wasm32-0.35.5.tgz. Extracting by manifest.
1017 silly tarball no local data for detect-libc@https://registry.npmjs.org/detect-libc/-/detect-libc-2.1.2.tgz. Extracting by manifest.
1018 silly tarball no local data for @img/sharp-win32-x64@https://registry.npmjs.org/@img/sharp-win32-x64/-/sharp-win32-x64-0.35.5.tgz. Extracting by manifest.
1019 silly tarball no local data for semver@https://registry.npmjs.org/semver/-/semver-7.8.5.tgz. Extracting by manifest.
1020 silly tarball no local data for @img/colour@https://registry.npmjs.org/@img/colour/-/colour-1.1.0.tgz. Extracting by manifest.
1021 silly tarball no local data for hex-rgb@https://registry.npmjs.org/hex-rgb/-/hex-rgb-4.3.0.tgz. Extracting by manifest.
1022 silly tarball no local data for color-name@https://registry.npmjs.org/color-name/-/color-name-1.1.4.tgz. Extracting by manifest.
1023 silly tarball no local data for unicode-trie@https://registry.npmjs.org/unicode-trie/-/unicode-trie-2.0.0.tgz. Extracting by manifest.
1024 silly tarball no local data for base64-js@https://registry.npmjs.org/base64-js/-/base64-js-0.0.8.tgz. Extracting by manifest.
1025 silly tarball no local data for css-color-keywords@https://registry.npmjs.org/css-color-keywords/-/css-color-keywords-1.0.0.tgz. Extracting by manifest.
1026 silly tarball no local data for camelize@https://registry.npmjs.org/camelize/-/camelize-1.0.1.tgz. Extracting by manifest.
1027 silly tarball no local data for string.prototype.codepointat@https://registry.npmjs.org/string.prototype.codepointat/-/string.prototype.codepointat-0.2.1.tgz. Extracting by manifest.
1028 silly tarball no local data for yoga-layout@https://registry.npmjs.org/yoga-layout/-/yoga-layout-3.2.1.tgz. Extracting by manifest.
1029 silly tarball no local data for postcss-value-parser@https://registry.npmjs.org/postcss-value-parser/-/postcss-value-parser-4.2.0.tgz. Extracting by manifest.
1030 silly tarball no local data for parse-css-color@https://registry.npmjs.org/parse-css-color/-/parse-css-color-0.2.1.tgz. Extracting by manifest.
1031 silly tarball no local data for linebreak@https://registry.npmjs.org/linebreak/-/linebreak-1.1.0.tgz. Extracting by manifest.
1032 silly tarball no local data for harfbuzzjs@https://registry.npmjs.org/harfbuzzjs/-/harfbuzzjs-0.10.0.tgz. Extracting by manifest.
1033 silly tarball no local data for fflate@https://registry.npmjs.org/fflate/-/fflate-0.7.3.tgz. Extracting by manifest.
1034 silly tarball no local data for escape-html@https://registry.npmjs.org/escape-html/-/escape-html-1.0.3.tgz. Extracting by manifest.
1035 silly tarball no local data for css-to-react-native@https://registry.npmjs.org/css-to-react-native/-/css-to-react-native-3.2.0.tgz. Extracting by manifest.
1036 silly tarball no local data for emoji-regex-xs@https://registry.npmjs.org/emoji-regex-xs/-/emoji-regex-xs-2.0.1.tgz. Extracting by manifest.
1037 silly tarball no local data for @shuding/opentype.js@https://registry.npmjs.org/@shuding/opentype.js/-/opentype.js-1.4.0-beta.0.tgz. Extracting by manifest.
1038 silly tarball no local data for css-gradient-parser@https://registry.npmjs.org/css-gradient-parser/-/css-gradient-parser-0.0.17.tgz. Extracting by manifest.
1039 silly tarball no local data for @jridgewell/sourcemap-codec@https://registry.npmjs.org/@jridgewell/sourcemap-codec/-/sourcemap-codec-1.6.0.tgz. Extracting by manifest.
1040 silly tarball no local data for css-box-shadow@https://registry.npmjs.org/css-box-shadow/-/css-box-shadow-1.0.0-3.tgz. Extracting by manifest.
1041 silly tarball no local data for @resvg/resvg-wasm@https://registry.npmjs.org/@resvg/resvg-wasm/-/resvg-wasm-2.4.1.tgz. Extracting by manifest.
1042 silly tarball no local data for css-background-parser@https://registry.npmjs.org/css-background-parser/-/css-background-parser-0.1.0.tgz. Extracting by manifest.
1043 silly tarball no local data for @unpic/core@https://registry.npmjs.org/@unpic/core/-/core-1.0.3.tgz. Extracting by manifest.
1044 silly tarball no local data for sharp@https://registry.npmjs.org/sharp/-/sharp-0.35.5.tgz. Extracting by manifest.
1045 silly tarball no local data for satori@https://registry.npmjs.org/satori/-/satori-0.33.5.tgz. Extracting by manifest.
1046 silly tarball no local data for unpic@https://registry.npmjs.org/unpic/-/unpic-4.2.2.tgz. Extracting by manifest.
1047 silly tarball no local data for web-vitals@https://registry.npmjs.org/web-vitals/-/web-vitals-4.2.4.tgz. Extracting by manifest.
1048 silly tarball no local data for vite-plugin-commonjs@https://registry.npmjs.org/vite-plugin-commonjs/-/vite-plugin-commonjs-0.10.4.tgz. Extracting by manifest.
1049 silly tarball no local data for magic-string@https://registry.npmjs.org/magic-string/-/magic-string-0.30.21.tgz. Extracting by manifest.
1050 silly tarball no local data for ipaddr.js@https://registry.npmjs.org/ipaddr.js/-/ipaddr.js-2.5.0.tgz. Extracting by manifest.
1051 silly tarball no local data for @vinext/types@https://registry.npmjs.org/@vinext/types/-/types-1.0.1.tgz. Extracting by manifest.
1052 silly tarball no local data for @vercel/og@https://registry.npmjs.org/@vercel/og/-/og-1.0.3.tgz. Extracting by manifest.
1053 silly tarball no local data for @unpic/react@https://registry.npmjs.org/@unpic/react/-/react-1.0.2.tgz. Extracting by manifest.
1054 silly tarball no local data for @rolldown/pluginutils@https://registry.npmjs.org/@rolldown/pluginutils/-/pluginutils-1.0.1.tgz. Extracting by manifest.
1055 silly tarball no local data for @vitejs/plugin-react@https://registry.npmjs.org/@vitejs/plugin-react/-/plugin-react-6.1.1.tgz. Extracting by manifest.
1056 silly tarball no local data for scheduler@https://registry.npmjs.org/scheduler/-/scheduler-0.28.0.tgz. Extracting by manifest.
1057 silly tarball no local data for react-dom@https://registry.npmjs.org/react-dom/-/react-dom-19.3.0.tgz. Extracting by manifest.
1058 silly tarball no local data for react@https://registry.npmjs.org/react/-/react-19.3.0.tgz. Extracting by manifest.
1059 silly tarball no local data for picomatch@https://registry.npmjs.org/picomatch/-/picomatch-2.3.2.tgz. Extracting by manifest.
1060 silly tarball no local data for vinext@https://registry.npmjs.org/vinext/-/vinext-1.0.1.tgz. Extracting by manifest.
1061 silly tarball no local data for vite@https://registry.npmjs.org/vite/-/vite-8.3.2.tgz. Extracting by manifest.
1062 http fetch POST 200 https://registry.npmjs.org/-/npm/v1/security/advisories/bulk 249ms
1063 silly audit report {
1063 silly audit report   fflate: [
1063 silly audit report     {
1063 silly audit report       id: 1164783,
1063 silly audit report       url: 'https://github.com/advisories/GHSA-px8p-9vwx-vf98',
1063 silly audit report       title: 'fflate unzipSync can enter an infinite loop when parsing malformed ZIP64 archives',
1063 silly audit report       severity: 'moderate',
1063 silly audit report       vulnerable_versions: '>=0.7.0 <0.7.5',
1063 silly audit report       cwe: [Array],
1063 silly audit report       cvss: [Object]
1063 silly audit report     }
1063 silly audit report   ],
1063 silly audit report   braces: [
1063 silly audit report     {
1063 silly audit report       id: 1240992,
1063 silly audit report       url: 'https://github.com/advisories/GHSA-vfj7-8cjw-p6xm',
1063 silly audit report       title: 'braces vulnerable to stack-exhaustion denial of service through deeply nested patterns',
1063 silly audit report       severity: 'high',
1063 silly audit report       vulnerable_versions: '<=3.0.3',
1063 silly audit report       cwe: [Array],
1063 silly audit report       cvss: [Object]
1063 silly audit report     }
1063 silly audit report   ]
1063 silly audit report }
1064 silly packumentCache corgi:https://registry.npmjs.org/fflate cache-miss
1065 silly packumentCache corgi:https://registry.npmjs.org/braces cache-miss
1066 http fetch GET 200 https://registry.npmjs.org/glob-parent/-/glob-parent-5.1.2.tgz 224ms (cache miss)
1067 http fetch GET 200 https://registry.npmjs.org/queue-microtask/-/queue-microtask-1.2.3.tgz 232ms (cache miss)
1068 http fetch GET 200 https://registry.npmjs.org/fill-range/-/fill-range-7.1.1.tgz 250ms (cache miss)
1069 http fetch GET 200 https://registry.npmjs.org/is-number/-/is-number-7.0.0.tgz 254ms (cache miss)
1070 http fetch GET 200 https://registry.npmjs.org/to-regex-range/-/to-regex-range-5.0.1.tgz 258ms (cache miss)
1071 http fetch GET 200 https://registry.npmjs.org/micromatch/-/micromatch-4.0.8.tgz 254ms (cache miss)
1072 http fetch GET 200 https://registry.npmjs.org/fdir/-/fdir-6.5.0.tgz 264ms (cache miss)
1073 http fetch GET 200 https://registry.npmjs.org/vite-plugin-dynamic-import/-/vite-plugin-dynamic-import-1.6.0.tgz 274ms (cache miss)
1074 http fetch GET 200 https://registry.npmjs.org/run-parallel/-/run-parallel-1.2.0.tgz 288ms (cache miss)
1075 http fetch GET 200 https://registry.npmjs.org/is-glob/-/is-glob-4.0.3.tgz 295ms (cache miss)
1076 http fetch GET 200 https://registry.npmjs.org/is-extglob/-/is-extglob-2.1.1.tgz 298ms (cache miss)
1077 http fetch GET 200 https://registry.npmjs.org/picocolors/-/picocolors-1.1.1.tgz 293ms (cache miss)
1078 http fetch GET 200 https://registry.npmjs.org/merge2/-/merge2-1.4.1.tgz 315ms (cache miss)
1079 http fetch GET 200 https://registry.npmjs.org/@oxc-project/types/-/types-0.152.0.tgz 367ms (cache miss)
1080 http fetch GET 200 https://registry.npmjs.org/detect-libc/-/detect-libc-2.1.2.tgz 374ms (cache miss)
1081 http fetch GET 200 https://registry.npmjs.org/color-name/-/color-name-1.1.4.tgz 381ms (cache miss)
1082 http fetch GET 200 https://registry.npmjs.org/es-module-lexer/-/es-module-lexer-1.7.0.tgz 528ms (cache miss)
1083 http fetch GET 200 https://registry.npmjs.org/tiny-inflate/-/tiny-inflate-1.0.3.tgz 985ms (cache miss)
1084 http fetch GET 200 https://registry.npmjs.org/hex-rgb/-/hex-rgb-4.3.0.tgz 1047ms (cache miss)
1085 http fetch GET 200 https://registry.npmjs.org/css-color-keywords/-/css-color-keywords-1.0.0.tgz 1062ms (cache miss)
1086 http fetch GET 200 https://registry.npmjs.org/string.prototype.codepointat/-/string.prototype.codepointat-0.2.1.tgz 1064ms (cache miss)
1087 http fetch GET 200 https://registry.npmjs.org/base64-js/-/base64-js-0.0.8.tgz 1066ms (cache miss)
1088 http fetch GET 200 https://registry.npmjs.org/tinyglobby/-/tinyglobby-0.2.17.tgz 1088ms (cache miss)
1089 http fetch GET 200 https://registry.npmjs.org/escape-html/-/escape-html-1.0.3.tgz 1081ms (cache miss)
1090 http fetch GET 200 https://registry.npmjs.org/css-gradient-parser/-/css-gradient-parser-0.0.17.tgz 1096ms (cache miss)
1091 http fetch GET 200 https://registry.npmjs.org/@img/colour/-/colour-1.1.0.tgz 1108ms (cache miss)
1092 http fetch GET 200 https://registry.npmjs.org/css-box-shadow/-/css-box-shadow-1.0.0-3.tgz 1102ms (cache miss)
1093 http fetch GET 200 https://registry.npmjs.org/emoji-regex-xs/-/emoji-regex-xs-2.0.1.tgz 1107ms (cache miss)
1094 http fetch GET 200 https://registry.npmjs.org/@vitejs/plugin-react/-/plugin-react-6.1.1.tgz 1103ms (cache miss)
1095 http fetch GET 200 https://registry.npmjs.org/@rolldown/pluginutils/-/pluginutils-1.0.1.tgz 1116ms (cache miss)
1096 http fetch GET 200 https://registry.npmjs.org/@unpic/core/-/core-1.0.3.tgz 1133ms (cache miss)
1097 http fetch GET 200 https://registry.npmjs.org/scheduler/-/scheduler-0.28.0.tgz 1131ms (cache miss)
1098 http fetch GET 200 https://registry.npmjs.org/css-background-parser/-/css-background-parser-0.1.0.tgz 1142ms (cache miss)
1099 http fetch GET 200 https://registry.npmjs.org/braces 981ms (cache miss)
1100 silly packumentCache corgi:https://registry.npmjs.org/braces set size:undefined disposed:false
1101 http fetch GET 200 https://registry.npmjs.org/fflate 1091ms (cache miss)
1102 silly packumentCache corgi:https://registry.npmjs.org/fflate set size:undefined disposed:false
1103 http fetch GET 200 https://registry.npmjs.org/reusify/-/reusify-1.1.0.tgz 1306ms (cache miss)
1104 http fetch GET 200 https://registry.npmjs.org/unicode-trie/-/unicode-trie-2.0.0.tgz 1293ms (cache miss)
1105 http fetch GET 200 https://registry.npmjs.org/camelize/-/camelize-1.0.1.tgz 1293ms (cache miss)
1106 http fetch GET 200 https://registry.npmjs.org/fastq/-/fastq-1.20.3.tgz 1314ms (cache miss)
1107 http fetch GET 200 https://registry.npmjs.org/braces/-/braces-3.0.3.tgz 1322ms (cache miss)
1108 http fetch GET 200 https://registry.npmjs.org/parse-css-color/-/parse-css-color-0.2.1.tgz 1306ms (cache miss)
1109 http fetch GET 200 https://registry.npmjs.org/postcss-value-parser/-/postcss-value-parser-4.2.0.tgz 1318ms (cache miss)
1110 http fetch GET 200 https://registry.npmjs.org/ipaddr.js/-/ipaddr.js-2.5.0.tgz 1309ms (cache miss)
1111 silly packumentCache corgi:https://registry.npmjs.org/satori cache-miss
1112 silly packumentCache corgi:https://registry.npmjs.org/@shuding%2fopentype.js cache-miss
1113 http fetch GET 200 https://registry.npmjs.org/tslib/-/tslib-2.8.1.tgz 1379ms (cache miss)
1114 http fetch GET 200 https://registry.npmjs.org/picomatch/-/picomatch-4.0.7.tgz 1384ms (cache miss)
1115 http fetch GET 200 https://registry.npmjs.org/picomatch/-/picomatch-2.3.2.tgz 1360ms (cache miss)
1116 http fetch GET 200 https://registry.npmjs.org/acorn/-/acorn-8.18.0.tgz 1396ms (cache miss)
1117 http fetch GET 200 https://registry.npmjs.org/linebreak/-/linebreak-1.1.0.tgz 1395ms (cache miss)
1118 http fetch GET 200 https://registry.npmjs.org/@nodelib/fs.stat/-/fs.stat-2.0.5.tgz 1463ms (cache miss)
1119 http fetch GET 200 https://registry.npmjs.org/vite-plugin-commonjs/-/vite-plugin-commonjs-0.10.4.tgz 1443ms (cache miss)
1120 http fetch GET 200 https://registry.npmjs.org/lightningcss/-/lightningcss-1.33.0.tgz 1529ms (cache miss)
1121 http fetch GET 200 https://registry.npmjs.org/magic-string/-/magic-string-0.30.21.tgz 1516ms (cache miss)
1122 http fetch GET 200 https://registry.npmjs.org/nanoid/-/nanoid-3.3.19.tgz 1540ms (cache miss)
1123 http fetch GET 200 https://registry.npmjs.org/source-map-js/-/source-map-js-1.2.2.tgz 1561ms (cache miss)
1124 http fetch GET 200 https://registry.npmjs.org/fflate/-/fflate-0.7.3.tgz 1560ms (cache miss)
1125 http fetch GET 200 https://registry.npmjs.org/@emnapi/runtime/-/runtime-1.11.3.tgz 1609ms (cache miss)
1126 http fetch GET 200 https://registry.npmjs.org/@resvg/resvg-wasm/-/resvg-wasm-2.4.1.tgz 1649ms (cache miss)
1127 http fetch GET 200 https://registry.npmjs.org/@shuding%2fopentype.js 345ms (cache miss)
1128 silly packumentCache corgi:https://registry.npmjs.org/@shuding%2fopentype.js set size:undefined disposed:false
1129 http fetch GET 200 https://registry.npmjs.org/@nodelib/fs.scandir/-/fs.scandir-2.1.5.tgz 1752ms (cache miss)
1130 http fetch GET 200 https://registry.npmjs.org/react/-/react-19.3.0.tgz 1732ms (cache miss)
1131 http fetch GET 200 https://registry.npmjs.org/@nodelib/fs.walk/-/fs.walk-1.2.8.tgz 1773ms (cache miss)
1132 http fetch GET 200 https://registry.npmjs.org/satori 443ms (cache miss)
1133 silly packumentCache corgi:https://registry.npmjs.org/satori set size:undefined disposed:false
1134 http fetch GET 200 https://registry.npmjs.org/@jridgewell/sourcemap-codec/-/sourcemap-codec-1.6.0.tgz 1869ms (cache miss)
1135 silly packumentCache corgi:https://registry.npmjs.org/micromatch cache-miss
1136 http fetch GET 200 https://registry.npmjs.org/@unpic/react/-/react-1.0.2.tgz 1933ms (cache miss)
1137 http fetch GET 200 https://registry.npmjs.org/yoga-layout/-/yoga-layout-3.2.1.tgz 1998ms (cache miss)
1138 http fetch GET 200 https://registry.npmjs.org/pako/-/pako-0.2.9.tgz 2073ms (cache miss)
1139 http fetch GET 200 https://registry.npmjs.org/micromatch 228ms (cache miss)
1140 silly packumentCache corgi:https://registry.npmjs.org/micromatch set size:undefined disposed:false
1141 silly packumentCache corgi:https://registry.npmjs.org/@vercel%2fog cache-miss
1142 http fetch GET 200 https://registry.npmjs.org/semver/-/semver-7.8.5.tgz 2381ms (cache miss)
1143 http fetch GET 200 https://registry.npmjs.org/css-to-react-native/-/css-to-react-native-3.2.0.tgz 2423ms (cache miss)
1144 http fetch GET 200 https://registry.npmjs.org/postcss/-/postcss-8.5.28.tgz 2458ms (cache miss)
1145 http fetch GET 200 https://registry.npmjs.org/sharp/-/sharp-0.35.5.tgz 2496ms (cache miss)
1146 http fetch GET 200 https://registry.npmjs.org/fast-glob/-/fast-glob-3.3.3.tgz 2604ms (cache miss)
1147 http fetch GET 200 https://registry.npmjs.org/vite/-/vite-8.3.2.tgz 2601ms (cache miss)
1148 http fetch GET 200 https://registry.npmjs.org/rolldown/-/rolldown-1.2.12.tgz 2639ms (cache miss)
1149 http fetch GET 200 https://registry.npmjs.org/harfbuzzjs/-/harfbuzzjs-0.10.0.tgz 2640ms (cache miss)
1150 http fetch GET 200 https://registry.npmjs.org/@vercel%2fog 542ms (cache miss)
1151 silly packumentCache corgi:https://registry.npmjs.org/@vercel%2fog set size:undefined disposed:false
1152 silly packumentCache corgi:https://registry.npmjs.org/fast-glob cache-miss
1153 http fetch GET 200 https://registry.npmjs.org/fast-glob 100ms (cache miss)
1154 silly packumentCache corgi:https://registry.npmjs.org/fast-glob set size:undefined disposed:false
1155 http fetch GET 200 https://registry.npmjs.org/@vercel/og/-/og-1.0.3.tgz 2879ms (cache miss)
1156 silly packumentCache corgi:https://registry.npmjs.org/vinext cache-miss
1157 http cache https://registry.npmjs.org/vinext 25ms (cache hit)
1158 silly packumentCache corgi:https://registry.npmjs.org/vinext set size:119438 disposed:false
1159 http fetch GET 200 https://registry.npmjs.org/@shuding/opentype.js/-/opentype.js-1.4.0-beta.0.tgz 2925ms (cache miss)
1160 http fetch GET 200 https://registry.npmjs.org/satori/-/satori-0.33.5.tgz 2925ms (cache miss)
1161 silly packumentCache corgi:https://registry.npmjs.org/vite-plugin-dynamic-import cache-miss
1162 http fetch GET 200 https://registry.npmjs.org/lightningcss-win32-x64-msvc/-/lightningcss-win32-x64-msvc-1.33.0.tgz 2960ms (cache miss)
1163 http fetch GET 200 https://registry.npmjs.org/@img/sharp-wasm32/-/sharp-wasm32-0.35.5.tgz 2957ms (cache miss)
1164 http fetch GET 200 https://registry.npmjs.org/react-dom/-/react-dom-19.3.0.tgz 3085ms (cache miss)
1165 http fetch GET 200 https://registry.npmjs.org/vite-plugin-dynamic-import 240ms (cache miss)
1166 silly packumentCache corgi:https://registry.npmjs.org/vite-plugin-dynamic-import set size:undefined disposed:false
1167 silly packumentCache corgi:https://registry.npmjs.org/vite-plugin-commonjs cache-miss
1168 http fetch GET 200 https://registry.npmjs.org/@rolldown/binding-win32-x64-msvc/-/binding-win32-x64-msvc-1.2.12.tgz 3297ms (cache miss)
1169 http fetch GET 200 https://registry.npmjs.org/web-vitals/-/web-vitals-4.2.4.tgz 3335ms (cache miss)
1170 http fetch GET 200 https://registry.npmjs.org/@img/sharp-win32-x64/-/sharp-win32-x64-0.35.5.tgz 3356ms (cache miss)
1171 http fetch GET 200 https://registry.npmjs.org/vite-plugin-commonjs 217ms (cache miss)
1172 silly packumentCache corgi:https://registry.npmjs.org/vite-plugin-commonjs set size:undefined disposed:false
1173 http fetch GET 200 https://registry.npmjs.org/unpic/-/unpic-4.2.2.tgz 3966ms (cache miss)
1174 http fetch GET 200 https://registry.npmjs.org/@vinext/types/-/types-1.0.1.tgz 4165ms (cache miss)
1175 http fetch GET 200 https://registry.npmjs.org/vinext/-/vinext-1.0.1.tgz 5225ms (cache miss)
1176 verbose cwd C:\Users\Alexs\Desktop\Comercio360
1177 verbose os Windows_NT 10.0.26200
1178 verbose node v24.13.1
1179 verbose npm  v11.8.0
1180 notice
1180 notice New minor version of npm available! 11.8.0 -> 11.21.0
1180 notice Changelog: https://github.com/npm/cli/releases/tag/v11.21.0
1180 notice To update run: npm install -g npm@11.21.0
1180 notice  { force: true, Symbol(proc-log.meta): true }
1181 verbose exit 0
1182 info ok
